"search-number","evaluation","technology-diffusion-method*","word-of-mouth?*","technology-adoption*","technology-awareness*","debug?*","deliberation_rate*","innovation*","leader_w_social*","main_w_social*","hed_w_social*","num-replicates","best-fitness-so-far"
"1","5","""schwarz-alternative""","true","0","5","false","0.039405698665127456","""showerhead""","0.7862145922133333","0.7278296973560079","0.7056228834673477","5","29.58"
"2","5","""schwarz-alternative""","false","0","5","false","0.007359524043305777","""showerhead""","0.19318464489389042","0.1527072665624114","0.1749006657519021","5","1030.112"
"2","20","""schwarz-alternative""","false","0","5","false","0.005081195784798615","""showerhead""","0.19318464489389042","0.1527072665624114","0.1749006657519021","5","1025.04"
"2","35","""schwarz-alternative""","false","0","5","false","0.00423308450068881","""showerhead""","0.19318464489389042","0.1527072665624114","0.3120659396751327","5","1023.112"
"2","40","""schwarz-alternative""","true","0","5","false","0.00423308450068881","""showerhead""","0.19318464489389042","0.1527072665624114","0.3120659396751327","5","25.680000000000003"
"2","45","""schwarz-alternative""","true","0","5","false","0.00423308450068881","""showerhead""","0.13783456655047063","0.1527072665624114","0.3120659396751327","5","21.179999999999996"
"2","95","""schwarz-alternative""","true","0","5","false","0.006402090349236802","""showerhead""","0.009156472961239233","0.1527072665624114","0.3120659396751327","5","14.08"
"2","105","""schwarz-alternative""","true","0","5","false","0.006402090349236802","""showerhead""","0","0.1527072665624114","0.3120659396751327","5","13.064000000000002"
"2","185","""schwarz-alternative""","true","0","5","false","0.006673431846450155","""showerhead""","0","0.14353294357223273","0.3228205523173726","5","12.964"
"2","195","""schwarz-alternative""","true","0","5","false","0.006673431846450155","""showerhead""","0","0","0.3228205523173726","5","12.564"
"2","200","""schwarz-alternative""","true","0","5","false","0.00733029538440161","""showerhead""","0","0","0.3228205523173726","5","11.412"
"2","225","""schwarz-alternative""","true","0","5","false","0.00733029538440161","""showerhead""","0.07700825128189248","0","0.3228205523173726","5","11.264000000000001"
"2","235","""schwarz-alternative""","true","0","5","false","0.00733029538440161","""showerhead""","0.14086423943012094","0","0.3228205523173726","5","11.264"
"3","5","""schwarz-alternative""","true","0","5","false","0.014851546427010929","""showerhead""","0.35065934013210565","0.2691666122757661","0.9458278873411972","5","29.58"
"4","5","""schwarz-alternative""","false","0","5","false","0.03936477000784187","""showerhead""","0.8329439714878136","0.42703791242683053","0.402857413343803","5","29.58"
"5","5","""schwarz-alternative""","true","0","5","false","0.005503310004610085","""showerhead""","0.5264925650472768","0.8624029171762962","0.9995233797708422","5","29.58"
"6","5","""schwarz-alternative""","false","0","5","false","0.02747534203867506","""showerhead""","0.7243995673630377","0.12878254078777696","0.11655357244776365","5","1068.22"
"6","10","""schwarz-alternative""","false","0","5","false","0.027988653106760363","""showerhead""","0.7243995673630377","0.12878254078777696","0.11655357244776365","5","1068.12"
"6","15","""schwarz-alternative""","false","0","5","false","0.027988653106760363","""showerhead""","0.7243995673630377","0.08203021518070222","0.11655357244776365","5","1068.02"
"6","25","""schwarz-alternative""","true","0","5","false","0.027988653106760363","""showerhead""","0.7243995673630377","0.08203021518070222","0.12244961195282776","5","43.42000000000001"
"6","30","""schwarz-alternative""","true","0","5","false","0.024739918608726284","""showerhead""","0.7243995673630377","0.08203021518070222","0.12244961195282776","5","37.24"
"6","40","""schwarz-alternative""","true","0","5","false","0.024739918608726284","""showerhead""","0.697199246980028","0.08203021518070222","0.12244961195282776","5","35.712"
"6","50","""schwarz-alternative""","true","0","5","false","0.024739918608726284","""showerhead""","0.697199246980028","0.25917109028878604","0.12244961195282776","5","29.58"
"6","115","""schwarz-alternative""","true","0","5","false","0.025182318286395704","""showerhead""","0.2685762122600986","0.3243051068421483","0","5","28.68"
"6","120","""schwarz-alternative""","true","0","5","false","0.025182318286395704","""showerhead""","0.3315405006562063","0.3243051068421483","0","5","26.58"
"6","125","""schwarz-alternative""","true","0","5","false","0.025182318286395704","""showerhead""","0.3315405006562063","0.3243051068421483","0.009314252301536227","5","21.012"
"7","5","""schwarz-alternative""","false","0","5","false","0.03963048684145619","""showerhead""","0.8398375099650854","0.9814157219761402","0.3326826348475299","5","29.58"
"8","5","""schwarz-alternative""","false","0","5","false","0.011954166863544573","""showerhead""","0.3794279921731386","0.5879558616617556","0.41156217330936795","5","29.58"
"8","75","""schwarz-alternative""","true","0","5","false","0.011954166863544573","""showerhead""","0.5580596695725037","0.22104189924265882","0.5052941398722673","5","19.012"
"8","150","""schwarz-alternative""","true","0","5","false","0.011954166863544573","""showerhead""","0.5580596695725037","0.06129871374846199","0.5052941398722673","5","18.864"
"8","175","""schwarz-alternative""","true","0","5","false","0.011954166863544573","""showerhead""","0.607444464502302","0","0.5052941398722673","5","17.864"
"8","270","""schwarz-alternative""","true","0","5","false","0.011841254042995747","""showerhead""","0.3401727656315001","0","0.5099610614074381","5","16.712000000000003"
"9","5","""schwarz-alternative""","true","0","5","false","0.016362283108904294","""showerhead""","0.40886939084498775","0.973689815745164","0.1995671636427041","5","29.58"
"9","100","""schwarz-alternative""","true","0","5","false","0.010127764182174943","""showerhead""","0.08737832331192566","0.6957525595296412","0.5726811493200435","5","25.68"
"9","110","""schwarz-alternative""","true","0","5","false","0.010127764182174943","""showerhead""","0.08737832331192566","0.6957525595296412","0.5023821430758422","5","24.28"
"9","120","""schwarz-alternative""","true","0","5","false","0.009307259916313268","""showerhead""","0.08737832331192566","0.6957525595296412","0.5023821430758422","5","22.98"
"9","135","""schwarz-alternative""","true","0","5","false","0.010930920370065784","""showerhead""","0.08737832331192566","0.6957525595296412","0.5023821430758422","5","20.88"
"9","170","""schwarz-alternative""","true","0","5","false","0.015771445119149186","""showerhead""","0.08737832331192566","0.727909710934373","0.3859055028660471","5","13.780000000000001"
"9","175","""schwarz-alternative""","true","0","5","false","0.015771445119149186","""showerhead""","0.08737832331192566","0.864553906830776","0.3859055028660471","5","12.308000000000002"
"9","290","""schwarz-alternative""","true","0","5","false","0.01834627864178384","""showerhead""","0.08748007009378689","0.9863328382901136","0.26861975727991944","5","10.208000000000002"
"10","5","""schwarz-alternative""","true","0","5","false","0.038391177272710034","""showerhead""","0.832450354588197","0.9331967070988992","0.9509106145585656","5","29.58"
"11","5","""schwarz-alternative""","false","0","5","false","0.007286468175914777","""showerhead""","0.8107046213281116","0.9666654529896499","0.6333432207027329","5","29.58"
"12","5","""schwarz-alternative""","true","0","5","false","0.016858720892014963","""showerhead""","0.13324544748367007","0.06747006641336473","0.9061338234282673","5","1043.52"
"12","30","""schwarz-alternative""","true","0","5","false","0.01549624893739054","""showerhead""","0.13324544748367007","0","0.9061338234282673","5","34.519999999999996"
"12","35","""schwarz-alternative""","true","0","5","false","0.012970495564454839","""showerhead""","0.13324544748367007","0","0.9061338234282673","5","26.72"
"12","50","""schwarz-alternative""","true","0","5","false","0.012970495564454839","""showerhead""","0.13324544748367007","0","1","5","22.020000000000003"
"12","55","""schwarz-alternative""","true","0","5","false","0.012970495564454839","""showerhead""","0.05874931314401899","0","1","5","16.819999999999997"
"12","90","""schwarz-alternative""","true","0","5","false","0.012567696064567575","""showerhead""","0.11403331503700508","0","1","5","16.24"
"12","110","""schwarz-alternative""","true","0","5","false","0.010467496814570786","""showerhead""","0.11403331503700508","0","1","5","13.440000000000001"
"12","120","""schwarz-alternative""","true","0","5","false","0.010467496814570786","""showerhead""","0.11403331503700508","0.23248219892104768","1","5","10.112000000000002"
"12","125","""schwarz-alternative""","true","0","5","false","0.010467496814570786","""showerhead""","0.12318980011528505","0.23248219892104768","1","5","9.764"
"12","180","""schwarz-alternative""","true","0","5","false","0.011373503501148855","""showerhead""","0.12318980011528505","0.23248219892104768","1","5","9.612"
"12","195","""schwarz-alternative""","true","0","5","false","0.011373503501148855","""showerhead""","0.12318980011528505","0.26990432382666146","1","5","8.911999999999999"
"13","5","""schwarz-alternative""","true","0","5","false","0.019816850945449962","""showerhead""","0.8759335263598078","0.7456499931037928","0.24650182396404352","5","29.58"
"14","5","""schwarz-alternative""","false","0","5","false","0.011648251578732451","""showerhead""","0.9632844891719621","0.02898666629312452","0.6996354399127623","5","1042.24"
"14","10","""schwarz-alternative""","false","0","5","false","0.011942359392401502","""showerhead""","0.984756799152966","0.02898666629312452","0.6996354399127623","5","1042.04"
"14","15","""schwarz-alternative""","false","0","5","false","0.01087271191143773","""showerhead""","0.984756799152966","0.02898666629312452","0.6996354399127623","5","1041.012"
"14","25","""schwarz-alternative""","false","0","5","false","0.01087271191143773","""showerhead""","0.984756799152966","0","0.6996354399127623","5","1040.612"
"14","30","""schwarz-alternative""","true","0","5","false","0.01087271191143773","""showerhead""","0.984756799152966","0","0.6996354399127623","5","19.880000000000003"
"14","40","""schwarz-alternative""","true","0","5","false","0.011899683167946816","""showerhead""","0.984756799152966","0","0.6996354399127623","5","18.564000000000007"
"14","65","""schwarz-alternative""","true","0","5","false","0.011899683167946816","""showerhead""","0.984756799152966","0.10266339411173023","0.6996354399127623","5","18.364000000000004"
"14","140","""schwarz-alternative""","true","0","5","false","0.012084972885884494","""showerhead""","0.8416497163996454","0.10266339411173023","0.6570477822976364","5","17.664"
"14","235","""schwarz-alternative""","true","0","5","false","0.012084972885884494","""showerhead""","0.7548939945128756","0.10266339411173023","0.4701961380653256","5","17.364"
"15","5","""schwarz-alternative""","true","0","5","false","0.027779623949751264","""showerhead""","0.6503996353366255","0.48740860977180867","0.561205061934941","5","29.58"
"16","5","""schwarz-alternative""","false","0","5","false","0.028226186028419073","""showerhead""","0.831198253141368","0.9003730878256662","0.5747396580558629","5","29.58"
"17","5","""schwarz-alternative""","true","0","5","false","0.012521098900544503","""showerhead""","0.5728547099534245","0.5140207939500381","0.7057706774207476","5","29.58"
"18","5","""schwarz-alternative""","true","0","5","false","0.02705844945488084","""showerhead""","0.06644793247251923","0.4246464802962634","0.16565752971682002","5","54.52"
"18","10","""schwarz-alternative""","true","0","5","false","0.02705844945488084","""showerhead""","0.06644793247251923","0.3888759681532629","0.16565752971682002","5","43.92"
"18","50","""schwarz-alternative""","true","0","5","false","0.02705844945488084","""showerhead""","0.06644793247251923","0.5165264440985387","0.16565752971682002","5","29.02"
"18","80","""schwarz-alternative""","true","0","5","false","0.023189108738809982","""showerhead""","0.06644793247251923","0.5165264440985387","0.24876755034797807","5","15.020000000000003"
"18","90","""schwarz-alternative""","true","0","5","false","0.023189108738809982","""showerhead""","0.01975800172651438","0.5165264440985387","0.24876755034797807","5","13.02"
"18","95","""schwarz-alternative""","true","0","5","false","0.023189108738809982","""showerhead""","0.01975800172651438","0.5165264440985387","0.10772826292310816","5","11.420000000000002"
"18","120","""schwarz-alternative""","true","0","5","false","0.023189108738809982","""showerhead""","0.01975800172651438","0.6370771221540804","0.10772826292310816","5","9.572000000000003"
"18","130","""schwarz-alternative""","true","0","5","false","0.020394476029009654","""showerhead""","0.06239083396067443","0.6370771221540804","0.10772826292310816","5","9.508000000000001"
"18","145","""schwarz-alternative""","true","0","5","false","0.021215055993831243","""showerhead""","0.06239083396067443","0.6370771221540804","0.10772826292310816","5","8.588000000000001"
"18","190","""schwarz-alternative""","true","0","5","false","0.01886686115124218","""showerhead""","0.09600063192688219","0.6370771221540804","0.17341855995785255","5","8.588"
"18","265","""schwarz-alternative""","true","0","5","false","0.01886686115124218","""showerhead""","0.09600063192688219","0.5496156540329687","0.17341855995785255","5","8.308"
"18","290","""schwarz-alternative""","true","0","5","false","0.01886686115124218","""showerhead""","0.09600063192688219","0.5496156540329687","0.19241770557032473","5","7.507999999999998"
"19","5","""schwarz-alternative""","false","0","5","false","0.015114186473504172","""showerhead""","0.15231503846740024","0.6389889799485203","0.033665612850370175","5","1048.72"
"19","15","""schwarz-alternative""","false","0","5","false","0.014524445420515614","""showerhead""","0.15231503846740024","0.7225297673129414","0.033665612850370175","5","1046.32"
"19","20","""schwarz-alternative""","true","0","5","false","0.014524445420515614","""showerhead""","0.15231503846740024","0.7225297673129414","0.033665612850370175","5","17.88"
"19","25","""schwarz-alternative""","true","0","5","false","0.014524445420515614","""showerhead""","0.15231503846740024","0.7225297673129414","0.12091898902413074","5","16.080000000000002"
"19","40","""schwarz-alternative""","true","0","5","false","0.014524445420515614","""showerhead""","0.14711624936883355","0.7225297673129414","0.12091898902413074","5","14.880000000000003"
"19","55","""schwarz-alternative""","true","0","5","false","0.014524445420515614","""showerhead""","0.14711624936883355","0.7425508836198396","0.12091898902413074","5","12.48"
"19","135","""schwarz-alternative""","true","0","5","false","0.017263726945479344","""showerhead""","0.14711624936883355","0.7425508836198396","0.12091898902413074","5","10.608"
"19","190","""schwarz-alternative""","true","0","5","false","0.017263726945479344","""showerhead""","0.14711624936883355","0.5262393981782915","0.08985949054976083","5","9.308"
"19","205","""schwarz-alternative""","true","0","5","false","0.017263726945479344","""showerhead""","0.05907095217514957","0.5262393981782915","0.08985949054976083","5","8.808"
"19","235","""schwarz-alternative""","true","0","5","false","0.017263726945479344","""showerhead""","0.05907095217514957","0.497430254489642","0.08985949054976083","5","7.872000000000001"
"20","5","""schwarz-alternative""","false","0","5","false","0.039264603750039026","""showerhead""","0.08585809055364269","0.5694661559822891","0.7857208288013735","5","1070.12"
"20","10","""schwarz-alternative""","false","0","5","false","0.039264603750039026","""showerhead""","0.21177926200741778","0.5694661559822891","0.7857208288013735","5","29.58"
"21","5","""schwarz-alternative""","true","0","5","false","0.039896392295611205","""showerhead""","0.7386713268594781","0.7861048835001071","0.23923007698877663","5","29.58"
"22","5","""schwarz-alternative""","true","0","5","false","0.014276212346661977","""showerhead""","0.7328098511005391","0.1955834905210342","0.9316495896170345","5","22.112000000000002"
"22","15","""schwarz-alternative""","true","0","5","false","0.014276212346661977","""showerhead""","0.7328098511005391","0.1955834905210342","0.9719379341163229","5","21.512000000000004"
"22","40","""schwarz-alternative""","true","0","5","false","0.012222367727760032","""showerhead""","0.7061674505698307","0.1955834905210342","0.9719379341163229","5","21.512"
"22","70","""schwarz-alternative""","true","0","5","false","0.008694009598443539","""showerhead""","0.5608726494508189","0.1955834905210342","0.9719379341163229","5","20.48"
"22","115","""schwarz-alternative""","true","0","5","false","0.009927663511795741","""showerhead""","0.619630551054086","0.1955834905210342","0.9719379341163229","5","19.464000000000002"
"22","125","""schwarz-alternative""","true","0","5","false","0.009927663511795741","""showerhead""","0.619630551054086","0.033391647620258536","0.9719379341163229","5","18.964000000000002"
"22","140","""schwarz-alternative""","true","0","5","false","0.009927663511795741","""showerhead""","0.619630551054086","0.026085469004748087","0.9719379341163229","5","18.78"
"22","180","""schwarz-alternative""","true","0","5","false","0.013176374299818761","""showerhead""","0.619630551054086","0.22759945259615888","0.9719379341163229","5","18.112000000000002"
"22","230","""schwarz-alternative""","true","0","5","false","0.011199833892445112","""showerhead""","0.619630551054086","0.22759945259615888","1","5","17.364"
"22","280","""schwarz-alternative""","true","0","5","false","0.011199833892445112","""showerhead""","0.33289502318595243","0.026292724043776736","1","5","17.112000000000002"
"22","285","""schwarz-alternative""","true","0","5","false","0.011199833892445112","""showerhead""","0.33289502318595243","0","1","5","15.812"
"23","5","""schwarz-alternative""","false","0","5","false","0.014240064988551291","""showerhead""","0.8891867124070767","0.7561551163898491","0.2848102346777651","5","29.58"
"24","5","""schwarz-alternative""","true","0","5","false","0.011879509636972919","""showerhead""","0.7480592713241179","0.10852567387115208","0.4966085965370124","5","19.663999999999998"
"24","10","""schwarz-alternative""","true","0","5","false","0.011879509636972919","""showerhead""","0.7480592713241179","0.10852567387115208","0.4562176174807841","5","19.364"
"24","45","""schwarz-alternative""","true","0","5","false","0.011879509636972919","""showerhead""","0.5755428947251898","0.00318887244430454","0.33303057692945826","5","19.064"
"24","65","""schwarz-alternative""","true","0","5","false","0.011879509636972919","""showerhead""","0.5668202542540989","0.22281378714381442","0.33303057692945826","5","17.964"
"24","175","""schwarz-alternative""","true","0","5","false","0.010380174765090898","""showerhead""","0.3342233044459374","0.22281378714381442","0.12177394226424824","5","16.264000000000003"
"24","195","""schwarz-alternative""","true","0","5","false","0.010380174765090898","""showerhead""","0.2132714785126713","0.2279827449867706","0.12177394226424824","5","16.012"
"24","210","""schwarz-alternative""","true","0","5","false","0.010380174765090898","""showerhead""","0.2132714785126713","0.05557250506881958","0.12177394226424824","5","14.512000000000002"
"24","285","""schwarz-alternative""","true","0","5","false","0.010380174765090898","""showerhead""","0.2132714785126713","0","0.24163374394554346","5","14.412"
"24","300","""schwarz-alternative""","true","0","5","false","0.010380174765090898","""showerhead""","0.21788212372571178","0","0.2499911959239757","5","13.911999999999999"
"25","5","""schwarz-alternative""","true","0","5","false","0.035505366715335995","""showerhead""","0.31355164937729507","0.802703636460601","0.6232774287169929","5","29.58"
"26","5","""schwarz-alternative""","true","0","5","false","0.013120050349146052","""showerhead""","0.31232803382574104","0.014748843562650493","0.5910616502234607","5","18.312000000000005"
"26","55","""schwarz-alternative""","true","0","5","false","0.012264195405783688","""showerhead""","0.31232803382574104","0.1514808537837109","0.5859053218447865","5","18.264000000000003"
"26","65","""schwarz-alternative""","true","0","5","false","0.012264195405783688","""showerhead""","0.20495890324421673","0.1514808537837109","0.5859053218447865","5","16.412"
"26","70","""schwarz-alternative""","true","0","5","false","0.012264195405783688","""showerhead""","0.20495890324421673","0.16544729865403968","0.5859053218447865","5","15.312000000000001"
"26","75","""schwarz-alternative""","true","0","5","false","0.010954045989570067","""showerhead""","0.20495890324421673","0.16544729865403968","0.5859053218447865","5","14.464"
"26","80","""schwarz-alternative""","true","0","5","false","0.010954045989570067","""showerhead""","0.20495890324421673","0.0468773810237372","0.5859053218447865","5","14.112"
"26","120","""schwarz-alternative""","true","0","5","false","0.010954045989570067","""showerhead""","0.191654280539168","0.11214986243725793","0.5859053218447865","5","13.711999999999998"
"26","125","""schwarz-alternative""","true","0","5","false","0.010954045989570067","""showerhead""","0.191654280539168","0.056491537952711585","0.5859053218447865","5","13.412"
"26","130","""schwarz-alternative""","true","0","5","false","0.010954045989570067","""showerhead""","0.191654280539168","0.056491537952711585","0.7112302230979478","5","12.863999999999999"
"26","170","""schwarz-alternative""","true","0","5","false","0.010954045989570067","""showerhead""","0.191654280539168","0.22379590043188738","0.7112302230979478","5","12.712000000000002"
"26","230","""schwarz-alternative""","true","0","5","false","0.007997792492482482","""showerhead""","0.07687758384820047","0.22379590043188738","0.7112302230979478","5","11.363999999999997"
"26","245","""schwarz-alternative""","true","0","5","false","0.007997792492482482","""showerhead""","0","0.20773297643891642","0.7112302230979478","5","10.712"
"27","5","""schwarz-alternative""","true","0","5","false","0.028197346152460032","""showerhead""","0.5285873809249714","0.81273288860741","0.12323147624241904","5","29.58"
"28","5","""schwarz-alternative""","true","0","5","false","0.03166811218477589","""showerhead""","0.5433575585601059","0.5199428074990865","0.556534407856877","5","29.58"
"29","5","""schwarz-alternative""","true","0","5","false","0.013375113808537769","""showerhead""","0.6515240324281747","0.810604309990247","0.9339137172744774","5","29.58"
"30","5","""schwarz-alternative""","true","0","5","false","0.033474428420742955","""showerhead""","0.06630865362142446","0.30066655352241667","0.27334477405441104","5","1067.22"
"30","10","""schwarz-alternative""","true","0","5","false","0.033474428420742955","""showerhead""","0","0.30066655352241667","0.27334477405441104","5","1066.82"
"30","15","""schwarz-alternative""","true","0","5","false","0.033474428420742955","""showerhead""","0.0573392662394872","0.30066655352241667","0.27334477405441104","5","1066.12"
"30","25","""schwarz-alternative""","true","0","5","false","0.033474428420742955","""showerhead""","0.25047808682744505","0.30066655352241667","0.27334477405441104","5","29.58"
"31","5","""schwarz-alternative""","true","0","5","false","0.034682222477888255","""showerhead""","0.2006704956906149","0.592474971296197","0.9461952480149136","5","29.58"
"32","5","""schwarz-alternative""","true","0","5","false","0.029023994998158827","""showerhead""","0.5921863157650807","0.772896384710511","0.2332717996515774","5","29.58"
"33","5","""schwarz-alternative""","true","0","5","false","0.007281730240239374","""showerhead""","0.45850893527192316","0.7898723496466424","0.8126482823793233","5","29.58"
"34","5","""schwarz-alternative""","false","0","5","false","0.017439748480666355","""showerhead""","0.888606825743395","0.8837441603314322","0.5163156841067175","5","29.58"
"35","5","""schwarz-alternative""","false","0","5","false","0.018544734897261543","""showerhead""","0.25606836658308685","0.18827272314420507","0.4520877394178737","5","1063.42"
"35","10","""schwarz-alternative""","true","0","5","false","0.018544734897261543","""showerhead""","0.25606836658308685","0.18827272314420507","0.4520877394178737","5","32.42"
"35","15","""schwarz-alternative""","true","0","5","false","0.013058166177463415","""showerhead""","0.25606836658308685","0.18827272314420507","0.4520877394178737","5","17.712"
"35","30","""schwarz-alternative""","true","0","5","false","0.013058166177463415","""showerhead""","0.25606836658308685","0.21540062570485388","0.4520877394178737","5","16.912"
"35","40","""schwarz-alternative""","true","0","5","false","0.013058166177463415","""showerhead""","0.24551893519573134","0.21540062570485388","0.4520877394178737","5","15.612"
"35","200","""schwarz-alternative""","true","0","5","false","0.009209271624807058","""showerhead""","0.19070626282901587","0.21540062570485388","0.31453352734932744","5","13.712"
"35","205","""schwarz-alternative""","true","0","5","false","0.008470634923430583","""showerhead""","0.19070626282901587","0.21540062570485388","0.31453352734932744","5","13.664000000000003"
"35","245","""schwarz-alternative""","true","0","5","false","0.009182478872807983","""showerhead""","0.19070626282901587","0.21540062570485388","0.4198185218952857","5","12.711999999999998"
"35","270","""schwarz-alternative""","true","0","5","false","0.009182478872807983","""showerhead""","0.19070626282901587","0.21540062570485388","0.2622471435832119","5","11.464"
"36","5","""schwarz-alternative""","true","0","5","false","0.02473579103000682","""showerhead""","0.7934254618137343","0.2499246861587301","0.3865386606659984","5","29.58"
"37","5","""schwarz-alternative""","true","0","5","false","0.008589567233653133","""showerhead""","0.6576816202814435","0.3903614961559323","0.5821106736150482","5","29.58"
"37","155","""schwarz-alternative""","true","0","5","false","0.005478519452025909","""showerhead""","0.7195140140939817","0.21651541536365512","0.910259409910836","5","26.179999999999996"
"37","165","""schwarz-alternative""","true","0","5","false","0.009620393419521537","""showerhead""","0.7195140140939817","0.21651541536365512","0.910259409910836","5","22.479999999999997"
"37","170","""schwarz-alternative""","true","0","5","false","0.012452407780818934","""showerhead""","0.7195140140939817","0.21651541536365512","0.910259409910836","5","19.112000000000002"
"37","190","""schwarz-alternative""","true","0","5","false","0.012452407780818934","""showerhead""","0.7195140140939817","0.1209522128197003","0.8596378649590137","5","18.412"
"37","285","""schwarz-alternative""","true","0","5","false","0.011656089894164928","""showerhead""","0.7393001339323572","0","0.9708863035536399","5","17.864"
"38","5","""schwarz-alternative""","false","0","5","false","0.017457280994789798","""showerhead""","0.2765782175565388","0.10460294202374976","0.5694849727395088","5","1061.72"
"38","15","""schwarz-alternative""","true","0","5","false","0.017457280994789798","""showerhead""","0.2765782175565388","0.10460294202374976","0.6381332633251389","5","34.519999999999996"
"38","20","""schwarz-alternative""","true","0","5","false","0.017457280994789798","""showerhead""","0.2765782175565388","0.10460294202374976","0.6446037300262528","5","29.32"
"38","40","""schwarz-alternative""","true","0","5","false","0.017457280994789798","""showerhead""","0.2765782175565388","0.0720785463261697","0.6402487515970499","5","29.02"
"38","50","""schwarz-alternative""","true","0","5","false","0.017457280994789798","""showerhead""","0.2765782175565388","0.0720785463261697","0.49589178538468515","5","27.14"
"38","85","""schwarz-alternative""","true","0","5","false","0.017457280994789798","""showerhead""","0.2765782175565388","0.11393666973937813","0.49589178538468515","5","23.720000000000002"
"38","90","""schwarz-alternative""","true","0","5","false","0.017457280994789798","""showerhead""","0.2765782175565388","0.11393666973937813","0.4360964173176449","5","22.74"
"38","255","""schwarz-alternative""","true","0","5","false","0.015053201020025962","""showerhead""","0.2765782175565388","0.11393666973937813","0.4360964173176449","5","22.612000000000002"
"38","260","""schwarz-alternative""","true","0","5","false","0.015053201020025962","""showerhead""","0.2765782175565388","0.11393666973937813","0.41031752252727177","5","22.44"
"38","265","""schwarz-alternative""","true","0","5","false","0.015053201020025962","""showerhead""","0.24933195651783852","0.11393666973937813","0.41031752252727177","5","20.612"
"38","270","""schwarz-alternative""","true","0","5","false","0.015053201020025962","""showerhead""","0.24933195651783852","0","0.41031752252727177","5","19.912"
"39","5","""schwarz-alternative""","true","0","5","false","0.03390575514978546","""showerhead""","0.90266638223472","0.4855453209411843","0.7570040181136782","5","29.58"
"40","5","""schwarz-alternative""","true","0","5","false","0.016370284419792658","""showerhead""","0.34548452177033473","0.7092407827858196","0.539013644262296","5","29.58"
"41","5","""schwarz-alternative""","false","0","5","false","0.028171838516057","""showerhead""","0.35978676305464374","0.4855979980203212","0.7942571657172499","5","29.58"
"42","5","""schwarz-alternative""","true","0","5","false","0.026910222663147364","""showerhead""","0.22090812701716844","0.23232711094230907","0.5123132787804185","5","29.58"
"42","265","""schwarz-alternative""","true","0","5","false","0.018079971164655855","""showerhead""","0.0764592412067927","0.3743230261121294","0.3020556619950995","5","27.619999999999997"
"42","280","""schwarz-alternative""","true","0","5","false","0.018079971164655855","""showerhead""","0.040255452591988","0.3743230261121294","0.3020556619950995","5","17.42"
"42","290","""schwarz-alternative""","true","0","5","false","0.016533413941710696","""showerhead""","0.040255452591988","0.3743230261121294","0.3020556619950995","5","12.420000000000002"
"42","300","""schwarz-alternative""","true","0","5","false","0.013997251621623127","""showerhead""","0.040255452591988","0.3743230261121294","0.3020556619950995","5","7.940000000000001"
"43","5","""schwarz-alternative""","false","0","5","false","0.02621317808912815","""showerhead""","0.8971759904935009","0.3999083712370153","0.16559918053365097","5","29.58"
"44","5","""schwarz-alternative""","false","0","5","false","0.026611096263894407","""showerhead""","0.4397872710859507","0.9956593920792557","0.7510047607336866","5","29.58"
"45","5","""schwarz-alternative""","true","0","5","false","0.012451471967221751","""showerhead""","0.5013195047318602","0.6585565259360148","0.308152459003877","5","29.58"
"46","5","""schwarz-alternative""","true","0","5","false","0.03535400810105929","""showerhead""","0.22294809681979644","0.4709328720254713","0.011345179396788807","5","45.120000000000005"
"46","20","""schwarz-alternative""","true","0","5","false","0.035608192271001995","""showerhead""","0.22294809681979644","0.4709328720254713","0.011345179396788807","5","35.019999999999996"
"46","35","""schwarz-alternative""","true","0","5","false","0.035608192271001995","""showerhead""","0.3671144134672464","0.4709328720254713","0.011345179396788807","5","28.279999999999998"
"47","5","""schwarz-alternative""","true","0","5","false","0.006027030605950008","""showerhead""","0.6067419120597234","0.27726417529944214","0.09188168617101977","5","29.58"
"47","105","""schwarz-alternative""","true","0","5","false","0.006179536732951621","""showerhead""","0.4096064503551117","0.21394216163857435","0.11789854785879755","5","24.38"
"47","115","""schwarz-alternative""","true","0","5","false","0.008885275602892359","""showerhead""","0.5008668688248816","0.21394216163857435","0.11789854785879755","5","18.08"
"48","5","""schwarz-alternative""","true","0","5","false","0.020248987691712125","""showerhead""","0.19487780871324945","0.41783053072590126","0.8253835950757326","5","29.58"
"49","5","""schwarz-alternative""","true","0","5","false","0.032418664231533306","""showerhead""","0.6219654204898983","0.6502531653760281","0.5890588282928759","5","29.58"
"49","200","""schwarz-alternative""","true","0","5","false","0.03564304159229442","""showerhead""","0.8953464801636092","0.4436699417310075","0.01621732501093559","5","27.28"
"49","270","""schwarz-alternative""","true","0","5","false","0.03407680372795768","""showerhead""","0.6731432914046603","0.4436699417310075","0.01621732501093559","5","26.68"
"50","5","""schwarz-alternative""","true","0","5","false","0.019265073426686166","""showerhead""","0.29919185930747205","0.03175054175054581","0.0025129838477890853","5","44.12"
"50","15","""schwarz-alternative""","true","0","5","false","0.016886857673651022","""showerhead""","0.29919185930747205","0.03175054175054581","0.0025129838477890853","5","30.94"
"50","40","""schwarz-alternative""","true","0","5","false","0.016886857673651022","""showerhead""","0.29919185930747205","0.03599215584165994","0.12002285509561528","5","22.412000000000003"
"50","95","""schwarz-alternative""","true","0","5","false","0.016886857673651022","""showerhead""","0.29919185930747205","0.1288413164252964","0.12002285509561528","5","22.012"
"50","205","""schwarz-alternative""","true","0","5","false","0.015092654056877132","""showerhead""","0.2806707881627198","0.055716695124395046","0.24679171866972127","5","19.312"
"50","230","""schwarz-alternative""","true","0","5","false","0.012152383879129258","""showerhead""","0.2806707881627198","0.019532041174306722","0.24679171866972127","5","17.711999999999996"
"50","240","""schwarz-alternative""","true","0","5","false","0.012152383879129258","""showerhead""","0.2806707881627198","0.00659023064806933","0.24679171866972127","5","16.712000000000003"
"50","265","""schwarz-alternative""","true","0","5","false","0.012152383879129258","""showerhead""","0.2806707881627198","0.03203284998398502","0.24679171866972127","5","16.664"
"50","290","""schwarz-alternative""","true","0","5","false","0.012152383879129258","""showerhead""","0.21553839684352533","0.03203284998398502","0.27433941367468306","5","15.812"
"51","5","""schwarz-alternative""","false","0","5","false","0.027728351462936802","""showerhead""","0.17148723869471305","0.7987761734596749","0.0359377171479337","5","29.58"
"51","285","""schwarz-alternative""","true","0","5","false","0.016386832754600046","""showerhead""","0.15853994885754902","0.5877860083683946","0.16836724637480988","5","10.18"
"51","290","""schwarz-alternative""","true","0","5","false","0.016386832754600046","""showerhead""","0.15853994885754902","0.4592017000468793","0.16836724637480988","5","7.492000000000001"
"52","5","""schwarz-alternative""","false","0","5","false","0.02598923847791737","""showerhead""","0.47774041545279455","0.07163154715558173","0.4193601738260362","5","1068.02"
"52","10","""schwarz-alternative""","false","0","5","false","0.02598923847791737","""showerhead""","0.47774041545279455","0.17791338722452205","0.4193601738260362","5","1067.82"
"52","15","""schwarz-alternative""","false","0","5","false","0.02598923847791737","""showerhead""","0.47774041545279455","0.17791338722452205","0.3240864918097041","5","1067.52"
"52","20","""schwarz-alternative""","true","0","5","false","0.02598923847791737","""showerhead""","0.47774041545279455","0.17791338722452205","0.3240864918097041","5","42.62"
"52","25","""schwarz-alternative""","true","0","5","false","0.02598923847791737","""showerhead""","0.5877225280304346","0.17791338722452205","0.3240864918097041","5","37.32"
"52","90","""schwarz-alternative""","true","0","5","false","0.02236978191067394","""showerhead""","0.5877225280304346","0.26272102777308015","0.3240864918097041","5","29.58"
"53","5","""schwarz-alternative""","false","0","5","false","0.016107921618716402","""showerhead""","0.9986349616141668","0.7485188992612068","0.9183136111549255","5","29.58"
"54","5","""schwarz-alternative""","true","0","5","false","0.00940055589139498","""showerhead""","0.38223564808010735","0.26319866533504","0.8869985874209602","5","29.58"
"54","30","""schwarz-alternative""","true","0","5","false","0.0098771022785175","""showerhead""","0.38223564808010735","0.21287225682202351","0.9217659575075257","5","17.912000000000003"
"55","5","""schwarz-alternative""","true","0","5","false","0.02960275744788293","""showerhead""","0.8508425564787039","0.7133083481372557","0.3159627803275482","5","29.58"
"56","5","""schwarz-alternative""","true","0","5","false","0.03700465861528612","""showerhead""","0.7845941199144834","0.9670703235887605","0.6046231754321499","5","29.58"
"57","5","""schwarz-alternative""","true","0","5","false","0.024403434909507745","""showerhead""","0.27779844128043196","0.6602468297648162","0.35021965804405486","5","29.58"
"57","45","""schwarz-alternative""","true","0","5","false","0.018897614795880802","""showerhead""","0.016317580814732363","0.6592105216349331","0.349239218258419","5","8.907999999999998"
"57","155","""schwarz-alternative""","true","0","5","false","0.023161283351604854","""showerhead""","0.08087984230779718","0.6568947973698548","0.3862849153515795","5","8.692000000000002"
"57","205","""schwarz-alternative""","true","0","5","false","0.021026367976322947","""showerhead""","0.08087984230779718","0.6568947973698548","0.297319495063968","5","8.672"
"57","255","""schwarz-alternative""","true","0","5","false","0.021514428615831388","""showerhead""","0","0.6568947973698548","0.297319495063968","5","8.472000000000001"
"57","290","""schwarz-alternative""","true","0","5","false","0.019971273905911774","""showerhead""","0","0.6568947973698548","0.3186470773939435","5","7.988000000000001"
"58","5","""schwarz-alternative""","true","0","5","false","0.03734035156657828","""showerhead""","0.6938365956723128","0.49602998355170325","0.5328554312596673","5","29.58"
"59","5","""schwarz-alternative""","true","0","5","false","0.006928400476412742","""showerhead""","0.6067743135040163","0.7070849954533782","0.7257652990174146","5","29.58"
"60","5","""schwarz-alternative""","false","0","5","false","0.031351843357722314","""showerhead""","0.07768316458730906","0.21617354825375446","0.49679494599737284","5","1070.02"
"60","15","""schwarz-alternative""","true","0","5","false","0.031351843357722314","""showerhead""","0.05388156945814814","0.21617354825375446","0.49679494599737284","5","1067.42"
"60","45","""schwarz-alternative""","true","0","5","false","0.02907095632668465","""showerhead""","0","0.21617354825375446","0.5311390126917666","5","1066.72"
"60","70","""schwarz-alternative""","true","0","5","false","0.02907095632668465","""showerhead""","0.07068898071861801","0.23584166082416264","0.5311390126917666","5","1064.92"
"60","75","""schwarz-alternative""","true","0","5","false","0.02907095632668465","""showerhead""","0.07068898071861801","0.23584166082416264","0.514267475296743","5","1064.22"
"60","80","""schwarz-alternative""","true","0","5","false","0.028733376272488786","""showerhead""","0.07068898071861801","0.23584166082416264","0.514267475296743","5","1063.12"
"60","90","""schwarz-alternative""","true","0","5","false","0.028733376272488786","""showerhead""","0.07068898071861801","0.31286997823765494","0.514267475296743","5","1062.42"
"60","100","""schwarz-alternative""","true","0","5","false","0.028733376272488786","""showerhead""","0.07068898071861801","0.31286997823765494","0.31224718525893075","5","1061.82"
"60","110","""schwarz-alternative""","true","0","5","false","0.028733376272488786","""showerhead""","0.07068898071861801","0.3541092354959625","0.31224718525893075","5","1060.12"
"60","115","""schwarz-alternative""","true","0","5","false","0.028733376272488786","""showerhead""","0.10733401422704916","0.3541092354959625","0.31224718525893075","5","1058.02"
"60","130","""schwarz-alternative""","true","0","5","false","0.028733376272488786","""showerhead""","0.10733401422704916","0.4280160115921555","0.31224718525893075","5","53.52"
"60","150","""schwarz-alternative""","true","0","5","false","0.028733376272488786","""showerhead""","0.10733401422704916","0.5322594045121579","0.31224718525893075","5","45.31999999999999"
"60","155","""schwarz-alternative""","true","0","5","false","0.028733376272488786","""showerhead""","0.2284190514847389","0.5322594045121579","0.31224718525893075","5","29.58"
"60","250","""schwarz-alternative""","true","0","5","false","0.01755700438909081","""showerhead""","0.15178341004693313","0.6460636390528004","0.34023121968985165","5","10.408000000000001"
"60","255","""schwarz-alternative""","true","0","5","false","0.01755700438909081","""showerhead""","0.09018598557139809","0.6460636390528004","0.34023121968985165","5","10.008000000000001"
"60","265","""schwarz-alternative""","true","0","5","false","0.01755700438909081","""showerhead""","0.1038053612545038","0.5229143289920682","0.34023121968985165","5","9.308000000000002"
"60","275","""schwarz-alternative""","true","0","5","false","0.01755700438909081","""showerhead""","0","0.5229143289920682","0.34023121968985165","5","8.119999999999997"
"60","285","""schwarz-alternative""","true","0","5","false","0.019120421981238953","""showerhead""","0","0.5229143289920682","0.34023121968985165","5","7.408000000000001"
"61","5","""schwarz-alternative""","true","0","5","false","0.009184309509035614","""showerhead""","0.3343582708743513","0.35309180787456496","0.23718685238357873","5","29.58"
"61","120","""schwarz-alternative""","true","0","5","false","0.015029344315292266","""showerhead""","0.5446231454290469","0.18626768713684974","0.28413260525504197","5","23.812000000000005"
"61","125","""schwarz-alternative""","true","0","5","false","0.01452884877851764","""showerhead""","0.5446231454290469","0.18626768713684974","0.28413260525504197","5","22.212"
"61","140","""schwarz-alternative""","true","0","5","false","0.01452884877851764","""showerhead""","0.33250149514702443","0.18626768713684974","0.28413260525504197","5","20.012"
"61","220","""schwarz-alternative""","true","0","5","false","0.014287212497092512","""showerhead""","0.29411277627575283","0.023224227126708297","0.37441862344742494","5","18.364"
"61","250","""schwarz-alternative""","true","0","5","false","0.010455142250861874","""showerhead""","0.29411277627575283","0.023224227126708297","0.37441862344742494","5","17.864"
"61","260","""schwarz-alternative""","true","0","5","false","0.010455142250861874","""showerhead""","0.29411277627575283","0.17269635403592526","0.37441862344742494","5","17.064000000000004"
"61","290","""schwarz-alternative""","true","0","5","false","0.010455142250861874","""showerhead""","0.27632648788819547","0.17269635403592526","0.32569540130503616","5","15.164000000000001"
"62","5","""schwarz-alternative""","true","0","5","false","0.006959610164728116","""showerhead""","0.241886112302799","0.26485350305964905","0.8942129062797569","5","29.58"
"63","5","""schwarz-alternative""","true","0","5","false","0.004066978935875495","""showerhead""","0.3754523131544243","0.15379587172127984","0.506827705431212","5","1026.88"
"63","10","""schwarz-alternative""","true","0","5","false","0.004066978935875495","""showerhead""","0.45313645343938264","0.15379587172127984","0.4905280625767008","5","1026.68"
"63","20","""schwarz-alternative""","true","0","5","false","0.004066978935875495","""showerhead""","0.45313645343938264","0.15379587172127984","0.45406923074213695","5","28.08"
"63","45","""schwarz-alternative""","true","0","5","false","0.004066978935875495","""showerhead""","0.41638827993415967","0.15379587172127984","0.45406923074213695","5","27.08"
"63","80","""schwarz-alternative""","true","0","5","false","0.007328248980709835","""showerhead""","0.41638827993415967","0.15379587172127984","0.45406923074213695","5","22.68"
"63","105","""schwarz-alternative""","true","0","5","false","0.007328248980709835","""showerhead""","0.2530555209802474","0.15379587172127984","0.45406923074213695","5","19.18"
"63","135","""schwarz-alternative""","true","0","5","false","0.007328248980709835","""showerhead""","0.21440160851968917","0.167997894951293","0.45406923074213695","5","17.680000000000003"
"63","155","""schwarz-alternative""","true","0","5","false","0.007328248980709835","""showerhead""","0.21440160851968917","0.167997894951293","0.4606180509225629","5","17.48"
"63","160","""schwarz-alternative""","true","0","5","false","0.007328248980709835","""showerhead""","0.17330973045147258","0.167997894951293","0.4606180509225629","5","15.58"
"63","170","""schwarz-alternative""","true","0","5","false","0.007328248980709835","""showerhead""","0.17330973045147258","0.18433039663547993","0.4606180509225629","5","15.280000000000001"
"63","175","""schwarz-alternative""","true","0","5","false","0.01028593959074929","""showerhead""","0.17330973045147258","0.18433039663547993","0.4606180509225629","5","13.663999999999998"
"63","185","""schwarz-alternative""","true","0","5","false","0.01028593959074929","""showerhead""","0.17330973045147258","0.006386588208483479","0.4606180509225629","5","13.212000000000002"
"63","190","""schwarz-alternative""","true","0","5","false","0.01028593959074929","""showerhead""","0.17330973045147258","0","0.4606180509225629","5","12.712"
"63","195","""schwarz-alternative""","true","0","5","false","0.01028593959074929","""showerhead""","0.17330973045147258","0.1383061305774325","0.4606180509225629","5","11.911999999999999"
"64","5","""schwarz-alternative""","true","0","5","false","0.011540626666372532","""showerhead""","0.8918529505502989","0.004515197685404204","0.7379036675002395","5","19.511999999999997"
"64","30","""schwarz-alternative""","true","0","5","false","0.011540626666372532","""showerhead""","0.8918529505502989","0","0.6607153999182136","5","18.764"
"64","250","""schwarz-alternative""","true","0","5","false","0.011569428637784226","""showerhead""","0.9908899018702491","0.06831965218992564","0.9139034810063419","5","17.064"
"65","5","""schwarz-alternative""","true","0","5","false","0.03137843315084171","""showerhead""","0.5194326399463475","0.9271762651867175","0.31129838212123706","5","29.58"
"66","5","""schwarz-alternative""","false","0","5","false","0.01739593398845684","""showerhead""","0.04070907216809394","0.8825218349129708","0.9112384018890195","5","1050.62"
"66","10","""schwarz-alternative""","false","0","5","false","0.01739593398845684","""showerhead""","0.04070907216809394","0.69211739711847","0.9112384018890195","5","1048.92"
"66","15","""schwarz-alternative""","false","0","5","false","0.013512570581260184","""showerhead""","0.04070907216809394","0.69211739711847","0.9112384018890195","5","1034.92"
"66","35","""schwarz-alternative""","false","0","5","false","0.013512570581260184","""showerhead""","0","0.69211739711847","0.6584263564521927","5","1034.42"
"66","45","""schwarz-alternative""","false","0","5","false","0.013512570581260184","""showerhead""","0","0.79551242817992","0.36998622609211423","5","1034.02"
"66","50","""schwarz-alternative""","false","0","5","false","0.01846006049129257","""showerhead""","0.29904815914842414","0.79551242817992","0.36998622609211423","5","29.58"
"67","5","""schwarz-alternative""","false","0","5","false","0.017190451298250566","""showerhead""","0.19039113092688797","0.928497203647146","0.6964441808580872","5","29.58"
"68","5","""schwarz-alternative""","false","0","5","false","0.011844621268260067","""showerhead""","0.7880761583315088","0.4922258353727912","0.5236414010037839","5","29.58"
"68","125","""schwarz-alternative""","true","0","5","false","0.011099043087318135","""showerhead""","0.7573570033029137","0.10274662210042343","0.5135901245731928","5","19.163999999999998"
"68","130","""schwarz-alternative""","true","0","5","false","0.011099043087318135","""showerhead""","0.7573570033029137","0.1682456119143439","0.5135901245731928","5","19.080000000000002"
"68","140","""schwarz-alternative""","true","0","5","false","0.011099043087318135","""showerhead""","0.7573570033029137","0.1682456119143439","0.527966935417722","5","18.864"
"68","150","""schwarz-alternative""","true","0","5","false","0.011099043087318135","""showerhead""","0.7573570033029137","0.1682456119143439","0.6476370731254901","5","18.68"
"68","165","""schwarz-alternative""","true","0","5","false","0.011099043087318135","""showerhead""","0.7573570033029137","0.026793189561863773","0.6476370731254901","5","18.612000000000002"
"68","175","""schwarz-alternative""","true","0","5","false","0.01394912556825896","""showerhead""","0.9125644439224314","0.026793189561863773","0.6553163587461955","5","17.864"
"69","5","""schwarz-alternative""","false","0","5","false","0.007313097773040578","""showerhead""","0.783655410360535","0.5770318005762706","0.578682092053502","5","29.58"
"70","5","""schwarz-alternative""","false","0","5","false","0.013952725127772035","""showerhead""","0.08568847448968864","0.3788653349725384","0.7429509236449242","5","1050.02"
"70","10","""schwarz-alternative""","true","0","5","false","0.013952725127772035","""showerhead""","0.08568847448968864","0.3788653349725384","0.7429509236449242","5","9.08"
"70","20","""schwarz-alternative""","true","0","5","false","0.01475657776570044","""showerhead""","0.08568847448968864","0.3788653349725384","0.7429509236449242","5","7.264"
"70","70","""schwarz-alternative""","true","0","5","false","0.01475657776570044","""showerhead""","0.08568847448968864","0.4133443742164559","0.7429509236449242","5","7.1800000000000015"
"71","5","""schwarz-alternative""","true","0","5","false","0.006644570725546482","""showerhead""","0.7538568777015477","0.4365953558822496","0.18122092163314518","5","29.58"
"71","140","""schwarz-alternative""","true","0","5","false","0.009975452882791575","""showerhead""","0.8655760024850757","0.15739219568328222","0.04791825029760123","5","20.364"
"71","160","""schwarz-alternative""","true","0","5","false","0.009975452882791575","""showerhead""","0.8655760024850757","0.04785290351313137","0.04791825029760123","5","20.164"
"71","165","""schwarz-alternative""","true","0","5","false","0.009221071004414536","""showerhead""","0.8655760024850757","0.04785290351313137","0.055310437778693676","5","19.964000000000002"
"71","270","""schwarz-alternative""","true","0","5","false","0.009221071004414536","""showerhead""","0.8577264697931137","0.22391584690744648","0.055310437778693676","5","19.612000000000002"
"71","285","""schwarz-alternative""","true","0","5","false","0.011112654409577347","""showerhead""","0.8577264697931137","0.22391584690744648","0.055310437778693676","5","19.564"
"71","300","""schwarz-alternative""","true","0","5","false","0.011112654409577347","""showerhead""","0.8577264697931137","0.22391584690744648","0.21360393344959003","5","18.964000000000006"
"72","5","""schwarz-alternative""","false","0","5","false","0.02421585098244898","""showerhead""","0.08103953304749278","0.8996335923743083","0.1478246658529423","5","1063.42"
"72","10","""schwarz-alternative""","true","0","5","false","0.02421585098244898","""showerhead""","0.08103953304749278","0.8996335923743083","0.1478246658529423","5","9.008000000000001"
"72","100","""schwarz-alternative""","true","0","5","false","0.02421585098244898","""showerhead""","0.08103953304749278","0.8996335923743083","0.22414945536667744","5","8.888000000000002"
"72","180","""schwarz-alternative""","true","0","5","false","0.022735802657790922","""showerhead""","0.08819403458259148","0.8996335923743083","0.22414945536667744","5","8.371999999999998"
"73","5","""schwarz-alternative""","false","0","5","false","0.026440846946386983","""showerhead""","0.5316095208170741","0.6722540354170305","0.3843574784426116","5","29.58"
"74","5","""schwarz-alternative""","false","0","5","false","0.03399811559514934","""showerhead""","0.14754798288768556","0.056343584432652305","0.5638598060008404","5","1070.22"
"74","10","""schwarz-alternative""","false","0","5","false","0.029210663457448834","""showerhead""","0.14754798288768556","0.056343584432652305","0.5638598060008404","5","1069.62"
"74","25","""schwarz-alternative""","true","0","5","false","0.029210663457448834","""showerhead""","0.14754798288768556","0.056343584432652305","0.5632757294569017","5","1066.72"
"74","30","""schwarz-alternative""","true","0","5","false","0.029210663457448834","""showerhead""","0.14754798288768556","0.056343584432652305","0.5505478238977306","5","1065.32"
"74","60","""schwarz-alternative""","true","0","5","false","0.027763287530625284","""showerhead""","0.14754798288768556","0.055839409657779164","0.5505478238977306","5","1064.72"
"74","130","""schwarz-alternative""","true","0","5","false","0.0250989487897195","""showerhead""","0","0.31323239175413387","0.4925363500094053","5","1055.92"
"74","135","""schwarz-alternative""","true","0","5","false","0.0250989487897195","""showerhead""","0.12400980285277637","0.31323239175413387","0.4925363500094053","5","54.82"
"74","145","""schwarz-alternative""","true","0","5","false","0.0250989487897195","""showerhead""","0.3552580081664766","0.31323239175413387","0.4925363500094053","5","29.58"
"75","5","""schwarz-alternative""","true","0","5","false","0.01912209867413963","""showerhead""","0.4438916550841695","0.2393023304186115","0.929077072195675","5","29.58"
"75","10","""schwarz-alternative""","true","0","5","false","0.01912209867413963","""showerhead""","0.4438916550841695","0.17032754558695629","0.9224641112630605","5","28.14"
"75","15","""schwarz-alternative""","true","0","5","false","0.01912209867413963","""showerhead""","0.4438916550841695","0.20102029728178208","0.9224641112630605","5","28.012"
"75","30","""schwarz-alternative""","true","0","5","false","0.015255446266323842","""showerhead""","0.4438916550841695","0.21326463006286647","0.9224641112630605","5","24.112000000000002"
"75","45","""schwarz-alternative""","true","0","5","false","0.015255446266323842","""showerhead""","0.41234750498294453","0.21326463006286647","0.9224641112630605","5","20.512"
"75","110","""schwarz-alternative""","true","0","5","false","0.015255446266323842","""showerhead""","0.41234750498294453","0.1210037124379425","1","5","20.212"
"75","115","""schwarz-alternative""","true","0","5","false","0.015255446266323842","""showerhead""","0.41234750498294453","0.19134123644535928","1","5","18.912"
"75","170","""schwarz-alternative""","true","0","5","false","0.009504122103785841","""showerhead""","0.4550284255532947","0.19134123644535928","0.8173924182601172","5","18.564"
"75","185","""schwarz-alternative""","true","0","5","false","0.009504122103785841","""showerhead""","0.4550284255532947","0.038438206477654696","0.8173924182601172","5","17.812"
"76","5","""schwarz-alternative""","false","0","5","false","0.036002914107077275","""showerhead""","0.2597677782096862","0.6823337355945899","0.6113862890110957","5","29.58"
"77","5","""schwarz-alternative""","true","0","5","false","0.026931535834231093","""showerhead""","0.6052120947616649","0.9697039095364702","0.1641011045133297","5","29.58"
"78","5","""schwarz-alternative""","false","0","5","false","0.0295629600004249","""showerhead""","0.7692851429438513","0.6436742209813342","0.6259752814168443","5","29.58"
"78","295","""schwarz-alternative""","true","0","5","false","0.024562419553980887","""showerhead""","0.12369593762652428","0.4742240861526238","0.5429882853939395","5","21.22"
"79","5","""schwarz-alternative""","false","0","5","false","0.038016056205178034","""showerhead""","0.8641695945482121","0.06527121220262488","0.7299874852801869","5","1070.12"
"79","10","""schwarz-alternative""","false","0","5","false","0.038016056205178034","""showerhead""","0.8253731011854047","0.06527121220262488","0.7299874852801869","5","1070.02"
"79","15","""schwarz-alternative""","false","0","5","false","0.03312911399353799","""showerhead""","0.8253731011854047","0.06527121220262488","0.7299874852801869","5","1069.62"
"79","20","""schwarz-alternative""","false","0","5","false","0.03312911399353799","""showerhead""","0.7249905745992907","0.06527121220262488","0.7299874852801869","5","1069.52"
"79","30","""schwarz-alternative""","true","0","5","false","0.03312911399353799","""showerhead""","0.7249905745992907","0.06527121220262488","0.7299874852801869","5","1058.82"
"79","40","""schwarz-alternative""","true","0","5","false","0.03312911399353799","""showerhead""","0.8330898239063327","0.06527121220262488","0.7299874852801869","5","1058.22"
"79","55","""schwarz-alternative""","true","0","5","false","0.03312911399353799","""showerhead""","0.7792222915405999","0.06527121220262488","0.8697357325219691","5","54.519999999999996"
"79","70","""schwarz-alternative""","true","0","5","false","0.03312911399353799","""showerhead""","0.7792222915405999","0.06527121220262488","1","5","48.52"
"79","100","""schwarz-alternative""","true","0","5","false","0.03312911399353799","""showerhead""","0.7792222915405999","0","1","5","45.82000000000001"
"79","165","""schwarz-alternative""","true","0","5","false","0.03014132880115667","""showerhead""","0.8209334636230607","0","1","5","44.02"
"79","180","""schwarz-alternative""","true","0","5","false","0.024064015454419118","""showerhead""","0.8209334636230607","0","1","5","30.54"
"79","190","""schwarz-alternative""","true","0","5","false","0.01802130635457427","""showerhead""","0.8209334636230607","0","1","5","23.612"
"79","245","""schwarz-alternative""","true","0","5","false","0.014865387269899314","""showerhead""","0.736592407860207","0.051700005472734484","1","5","20.512"
"79","250","""schwarz-alternative""","true","0","5","false","0.014865387269899314","""showerhead""","0.736592407860207","0","1","5","20.412"
"79","275","""schwarz-alternative""","true","0","5","false","0.01098118827536334","""showerhead""","0.6588574009294493","0","1","5","17.464000000000002"
"80","5","""schwarz-alternative""","true","0","5","false","0.035883135233470045","""showerhead""","0.23756961858521286","0.12374549302146076","0.8711862753628058","5","1068.02"
"80","15","""schwarz-alternative""","true","0","5","false","0.034286400967271514","""showerhead""","0.23756961858521286","0.12374549302146076","0.770478756264414","5","1067.22"
"80","20","""schwarz-alternative""","true","0","5","false","0.034286400967271514","""showerhead""","0.23756961858521286","0.2427521498938176","0.770478756264414","5","29.58"
"81","5","""schwarz-alternative""","true","0","5","false","0.036582076783133355","""showerhead""","0.1571122183909136","0.7272074360904426","0.2649749044683042","5","1058.82"
"81","10","""schwarz-alternative""","true","0","5","false","0.036582076783133355","""showerhead""","0.1571122183909136","0.7272074360904426","0.13150421385798006","5","58.82"
"81","25","""schwarz-alternative""","true","0","5","false","0.036582076783133355","""showerhead""","0.03637629475332943","0.7272074360904426","0.13150421385798006","5","55.12"
"81","55","""schwarz-alternative""","true","0","5","false","0.036582076783133355","""showerhead""","0.18669280203314906","0.7272074360904426","0.09260079451011752","5","29.58"
"82","5","""schwarz-alternative""","false","0","5","false","0.013131327891018093","""showerhead""","0.22294332584718635","0.5640072105256766","0.7180919109301573","5","29.58"
"82","200","""schwarz-alternative""","true","0","5","false","0.02538344427280104","""showerhead""","0.10738712575191475","0.8587179003430051","0.1703892355928217","5","17.82"
"82","225","""schwarz-alternative""","true","0","5","false","0.02538344427280104","""showerhead""","0.10738712575191475","0.8761634577965195","0.2110930727495558","5","13.620000000000001"
"82","260","""schwarz-alternative""","true","0","5","false","0.02538344427280104","""showerhead""","0.10738712575191475","0.9298789076206619","0.2110930727495558","5","12.072"
"82","265","""schwarz-alternative""","true","0","5","false","0.02538344427280104","""showerhead""","0.10738712575191475","0.9298789076206619","0.3603202631786302","5","11.372"
"82","285","""schwarz-alternative""","true","0","5","false","0.02538344427280104","""showerhead""","0.10738712575191475","0.9731439786991058","0.3603202631786302","5","10.388000000000002"
"83","5","""schwarz-alternative""","true","0","5","false","0.007929813232329705","""showerhead""","0.2080643027686666","0.22723487491390604","0.6010355585755807","5","17.880000000000003"
"83","15","""schwarz-alternative""","true","0","5","false","0.007929813232329705","""showerhead""","0.2080643027686666","0.11131228100887104","0.6010355585755807","5","15.680000000000003"
"83","30","""schwarz-alternative""","true","0","5","false","0.007929813232329705","""showerhead""","0.01058921249966091","0","0.5136563354459015","5","11.564000000000002"
"83","45","""schwarz-alternative""","true","0","5","false","0.008897950839206121","""showerhead""","0","0","0.7323534297987944","5","10.564"
"83","145","""schwarz-alternative""","true","0","5","false","0.009304668813805855","""showerhead""","0","0.23157574876255943","0.8633507156751562","5","10.512"
"83","150","""schwarz-alternative""","true","0","5","false","0.009398944959374838","""showerhead""","0","0.23157574876255943","0.8633507156751562","5","9.012"
"84","5","""schwarz-alternative""","false","0","5","false","0.026348770216205818","""showerhead""","0.6922730083486748","0.8925366418186252","0.19713841798157927","5","29.58"
"85","5","""schwarz-alternative""","false","0","5","false","0.031382655139432065","""showerhead""","0.7250199734460279","0.9283015401568397","0.9733456024901783","5","29.58"
"86","5","""schwarz-alternative""","true","0","5","false","0.03657717385256558","""showerhead""","0.35061473816100597","0.3918180805812843","0.6314820108063204","5","29.58"
"86","235","""schwarz-alternative""","true","0","5","false","0.02393059402898136","""showerhead""","0.13119587130233779","0.5338470405530115","0.856134637984036","5","21.72"
"86","240","""schwarz-alternative""","true","0","5","false","0.023715336277859714","""showerhead""","0.13119587130233779","0.5338470405530115","0.856134637984036","5","15.320000000000002"
"86","250","""schwarz-alternative""","true","0","5","false","0.023715336277859714","""showerhead""","0.13119587130233779","0.5338470405530115","0.8692245590325286","5","13.419999999999998"
"86","265","""schwarz-alternative""","true","0","5","false","0.022074305716137284","""showerhead""","0.13119587130233779","0.5338470405530115","0.8692245590325286","5","10.120000000000001"
"87","5","""schwarz-alternative""","false","0","5","false","0.010656868843781427","""showerhead""","0.5459804615061941","0.9798333069424201","0.8557211652761689","5","29.58"
"88","5","""schwarz-alternative""","false","0","5","false","0.008019284501209773","""showerhead""","0.7928916443270777","0.7996128586004657","0.0205203742563842","5","1037.88"
"88","10","""schwarz-alternative""","true","0","5","false","0.008019284501209773","""showerhead""","0.7928916443270777","0.7996128586004657","0.0205203742563842","5","1030.38"
"88","15","""schwarz-alternative""","true","0","5","false","0.008019284501209773","""showerhead""","0.7928916443270777","0.8898334678963371","0.0205203742563842","5","1030.28"
"88","20","""schwarz-alternative""","true","0","5","false","0.005495768385582208","""showerhead""","0.7928916443270777","0.8898334678963371","0.0205203742563842","5","1030.08"
"88","40","""schwarz-alternative""","true","0","5","false","0.005495768385582208","""showerhead""","0.8947121462172227","0.8616466748356555","0.0205203742563842","5","1029.98"
"88","50","""schwarz-alternative""","true","0","5","false","0.004","""showerhead""","0.934524803683395","0.8660459273603688","0.006836442178220749","5","1029.88"
"88","70","""schwarz-alternative""","true","0","5","false","0.00726866592795452","""showerhead""","0.9906472539969265","0.8660459273603688","0.14508389911882086","5","29.58"
"89","5","""schwarz-alternative""","true","0","5","false","0.012516007612127664","""showerhead""","0.1071774267656469","0.9155418514809509","0.10101624638391771","5","22.28"
"89","10","""schwarz-alternative""","true","0","5","false","0.012516007612127664","""showerhead""","0.1071774267656469","0.9155418514809509","0.11362506185415754","5","19.78"
"89","20","""schwarz-alternative""","true","0","5","false","0.012516007612127664","""showerhead""","0.1071774267656469","0.9155418514809509","0.02492055627574352","5","17.28"
"89","90","""schwarz-alternative""","true","0","5","false","0.018721144308743134","""showerhead""","0.1071774267656469","0.9155418514809509","0.04640070281767954","5","13.172"
"89","100","""schwarz-alternative""","true","0","5","false","0.018721144308743134","""showerhead""","0.1071774267656469","0.9005949192464824","0.04640070281767954","5","12.888000000000002"
"89","105","""schwarz-alternative""","true","0","5","false","0.018740198151236936","""showerhead""","0.1071774267656469","0.9005949192464824","0.04640070281767954","5","12.308"
"89","125","""schwarz-alternative""","true","0","5","false","0.018740198151236936","""showerhead""","0.1071774267656469","0.9005949192464824","0.08603199578659194","5","11.208"
"89","140","""schwarz-alternative""","true","0","5","false","0.018740198151236936","""showerhead""","0.04444920312429115","0.9005949192464824","0.08603199578659194","5","9.508000000000001"
"89","265","""schwarz-alternative""","true","0","5","false","0.018740198151236936","""showerhead""","0.04444920312429115","0.9005949192464824","0.1465614236705045","5","9.272"
"90","5","""schwarz-alternative""","true","0","5","false","0.024307517263081117","""showerhead""","0.9282799445664118","0.919634394187498","0.6519512731147241","5","29.58"
"91","5","""schwarz-alternative""","false","0","5","false","0.037423933892625674","""showerhead""","0.7778380983286309","0.14614155882525248","0.22077798614076716","5","1070.02"
"91","40","""schwarz-alternative""","false","0","5","false","0.03876482310994869","""showerhead""","0.7317858412994154","0.18448714830184648","0.3023248208437962","5","1069.82"
"91","50","""schwarz-alternative""","true","0","5","false","0.03876482310994869","""showerhead""","0.7317858412994154","0.18448714830184648","0.2698152629603448","5","1066.72"
"91","55","""schwarz-alternative""","true","0","5","false","0.03876482310994869","""showerhead""","0.7317858412994154","0.18448714830184648","0.3378395333476414","5","1066.42"
"91","65","""schwarz-alternative""","true","0","5","false","0.036503529999088444","""showerhead""","0.7317858412994154","0.18448714830184648","0.3378395333476414","5","1059.42"
"91","110","""schwarz-alternative""","true","0","5","false","0.027573616548168742","""showerhead""","0.7317858412994154","0.18448714830184648","0.3378395333476414","5","51.31999999999999"
"91","125","""schwarz-alternative""","true","0","5","false","0.026871067652381706","""showerhead""","0.7317858412994154","0.18448714830184648","0.3378395333476414","5","41.34"
"91","130","""schwarz-alternative""","true","0","5","false","0.026871067652381706","""showerhead""","0.772365834073784","0.17318442096197648","0.1776202600136822","5","40.84"
"91","140","""schwarz-alternative""","true","0","5","false","0.026871067652381706","""showerhead""","0.6940676889195202","0.17318442096197648","0.1776202600136822","5","38.32"
"91","160","""schwarz-alternative""","true","0","5","false","0.026871067652381706","""showerhead""","0.8823711594983424","0.17318442096197648","0.1776202600136822","5","38.24"
"91","185","""schwarz-alternative""","true","0","5","false","0.026871067652381706","""showerhead""","0.8823711594983424","0.17318442096197648","0.1526573031319305","5","35.64"
"91","195","""schwarz-alternative""","true","0","5","false","0.026871067652381706","""showerhead""","0.8823711594983424","0.2393336106258131","0.1526573031319305","5","29.58"
"92","5","""schwarz-alternative""","false","0","5","false","0.008023869761982693","""showerhead""","0.9472393778681963","0.28517891231095116","0.0017843441131130122","5","31.812"
"92","10","""schwarz-alternative""","true","0","5","false","0.008023869761982693","""showerhead""","0.9472393778681963","0.28517891231095116","0.0017843441131130122","5","29.38"
"92","15","""schwarz-alternative""","true","0","5","false","0.008023869761982693","""showerhead""","0.9472393778681963","0.28517891231095116","0.008601475848845751","5","28.580000000000005"
"92","25","""schwarz-alternative""","true","0","5","false","0.008023869761982693","""showerhead""","0.9472393778681963","0.10271116574988237","0.008601475848845751","5","22.264000000000003"
"92","45","""schwarz-alternative""","true","0","5","false","0.008593199490416325","""showerhead""","0.9472393778681963","0.10271116574988237","0.008601475848845751","5","21.164"
"92","105","""schwarz-alternative""","true","0","5","false","0.009812750349427682","""showerhead""","0.808676371109943","0.10271116574988237","0.10188504567727513","5","19.28"
"92","110","""schwarz-alternative""","true","0","5","false","0.009812750349427682","""showerhead""","0.702284911156982","0.10271116574988237","0.10188504567727513","5","19.164000000000005"
"92","185","""schwarz-alternative""","true","0","5","false","0.009812750349427682","""showerhead""","0.8081703220788747","0.07347565431516975","0.1893076102451652","5","18.764000000000003"
"92","265","""schwarz-alternative""","true","0","5","false","0.009812750349427682","""showerhead""","0.721233373616265","0.11445095710687744","0.17176072959343","5","18.18"
"92","280","""schwarz-alternative""","true","0","5","false","0.010781045503042687","""showerhead""","0.7631531326352177","0.11445095710687744","0.17176072959343","5","17.863999999999997"
"93","5","""schwarz-alternative""","true","0","5","false","0.006988289965681413","""showerhead""","0.7031883330670922","0.08948647851687963","0.505152311697061","5","23.68"
"93","20","""schwarz-alternative""","true","0","5","false","0.006988289965681413","""showerhead""","0.7031883330670922","0.08948647851687963","0.391612505119532","5","23.08"
"93","40","""schwarz-alternative""","true","0","5","false","0.006988289965681413","""showerhead""","0.7031883330670922","0.08948647851687963","0.5327927821126913","5","22.979999999999997"
"93","55","""schwarz-alternative""","true","0","5","false","0.01127154326972763","""showerhead""","0.7031883330670922","0.08948647851687963","0.45641179992061576","5","18.380000000000003"
"93","80","""schwarz-alternative""","true","0","5","false","0.01127154326972763","""showerhead""","0.6949182802766991","0.08948647851687963","0.45641179992061576","5","17.964000000000002"
"94","5","""schwarz-alternative""","true","0","5","false","0.022145364881049644","""showerhead""","0.6730847266954456","0.17996385064427645","0.0886662267264734","5","36.34"
"94","15","""schwarz-alternative""","true","0","5","false","0.022145364881049644","""showerhead""","0.7366987852675582","0.17996385064427645","0.0886662267264734","5","35.34"
"94","20","""schwarz-alternative""","true","0","5","false","0.022145364881049644","""showerhead""","0.7366987852675582","0.2510484113428788","0.0886662267264734","5","29.58"
"94","115","""schwarz-alternative""","true","0","5","false","0.02075308592405567","""showerhead""","0.6617790102933898","0.2913496343773394","0","5","25.112000000000002"
"94","125","""schwarz-alternative""","true","0","5","false","0.02075308592405567","""showerhead""","0.6563517305577423","0.2913496343773394","0","5","23.764000000000003"
"94","175","""schwarz-alternative""","true","0","5","false","0.015851609985258176","""showerhead""","0.46287623863056593","0.2913496343773394","0","5","23.664"
"94","240","""schwarz-alternative""","true","0","5","false","0.015851609985258176","""showerhead""","0.46287623863056593","0.23688533617948734","0","5","22.612000000000002"
"95","5","""schwarz-alternative""","false","0","5","false","0.02310246143469997","""showerhead""","0.08993894201838037","0.19098289160541193","0.1689722074228679","5","1068.72"
"95","10","""schwarz-alternative""","false","0","5","false","0.021372126076770408","""showerhead""","0.08993894201838037","0.19098289160541193","0.1689722074228679","5","1067.92"
"95","15","""schwarz-alternative""","true","0","5","false","0.021372126076770408","""showerhead""","0.08993894201838037","0.19098289160541193","0.1689722074228679","5","1057.52"
"95","20","""schwarz-alternative""","true","0","5","false","0.021372126076770408","""showerhead""","0.08993894201838037","0.19098289160541193","0.2823148209355554","5","1055.32"
"95","45","""schwarz-alternative""","true","0","5","false","0.021372126076770408","""showerhead""","0.20656851689025815","0.19098289160541193","0.2823148209355554","5","1052.22"
"95","55","""schwarz-alternative""","true","0","5","false","0.021372126076770408","""showerhead""","0.20656851689025815","0.14208746997556143","0.14137113271913007","5","1050.52"
"95","65","""schwarz-alternative""","true","0","5","false","0.021372126076770408","""showerhead""","0.20656851689025815","0.30573337837685","0.14137113271913007","5","29.58"
"95","175","""schwarz-alternative""","true","0","5","false","0.027445978296648393","""showerhead""","0.32836830969081093","0.36929960040617227","0","5","25.412"
"95","180","""schwarz-alternative""","true","0","5","false","0.029000063092434955","""showerhead""","0.32836830969081093","0.36929960040617227","0","5","23.080000000000002"
"95","200","""schwarz-alternative""","true","0","5","false","0.029000063092434955","""showerhead""","0.32836830969081093","0.4492844877575191","0","5","21.980000000000004"
"95","300","""schwarz-alternative""","true","0","5","false","0.02504214412558849","""showerhead""","0.27244466838908254","0.34865015729905663","0.021179570071330544","5","19.912000000000003"
"96","5","""schwarz-alternative""","false","0","5","false","0.01579477217142665","""showerhead""","0.007976644698083901","0.33535839312573357","0.35805496996662445","5","1056.82"
"96","10","""schwarz-alternative""","true","0","5","false","0.01579477217142665","""showerhead""","0.007976644698083901","0.33535839312573357","0.35805496996662445","5","13.740000000000002"
"96","30","""schwarz-alternative""","true","0","5","false","0.01579477217142665","""showerhead""","0.007976644698083901","0.3336550349680607","0.35805496996662445","5","11.04"
"96","60","""schwarz-alternative""","true","0","5","false","0.015382043974664585","""showerhead""","0","0.3336550349680607","0.35805496996662445","5","10.512000000000002"
"96","70","""schwarz-alternative""","true","0","5","false","0.015382043974664585","""showerhead""","0","0.33473993592137247","0.35805496996662445","5","10.411999999999999"
"96","95","""schwarz-alternative""","true","0","5","false","0.014627822324224986","""showerhead""","0","0.33473993592137247","0.3425299866207204","5","8.98"
"96","180","""schwarz-alternative""","true","0","5","false","0.014627822324224986","""showerhead""","0.030106902117078428","0.33473993592137247","0.21354601831876208","5","8.540000000000001"
"96","210","""schwarz-alternative""","true","0","5","false","0.014627822324224986","""showerhead""","0","0.3450218987591218","0.3247644922271201","5","7.964"
"97","5","""schwarz-alternative""","false","0","5","false","0.039052512259462324","""showerhead""","0.802784945302633","0.850112652108348","0.2989124595703606","5","29.58"
"98","5","""schwarz-alternative""","false","0","5","false","0.026318033035987176","""showerhead""","0.6838643507546834","0.37461152193738445","0.7342964265131285","5","29.58"
"99","5","""schwarz-alternative""","false","0","5","false","0.03168563052272022","""showerhead""","0.9452017384522392","0.4902779177978258","0.31876404970347694","5","29.58"
"100","5","""schwarz-alternative""","true","0","5","false","0.025222661127608587","""showerhead""","0.34222224828316783","0.4520904954196252","0.391427554585999","5","29.58"
