"search-number","evaluation","number-of-nodes*","network-method*","technology-diffusion-method*","word-of-mouth?*","seeding-percentage*","debug?*","deliberation_rate*","innovation*","p_leader_social*","p_mainstream_social*","p_hedonistic_social*","fitness","num-replicates","best-fitness-so-far"
"1","5","1000","""suslab""","""schwarz""","true","1","false","0.004531285207003792","""showerhead""","0.7043579324977686","0.7178055463149521","0.8079863179625693","1028.322","5","1028.322"
"1","10","1000","""suslab""","""schwarz""","true","1","false","0.004531285207003792","""showerhead""","0.7043579324977686","0.7178055463149521","0.7031604711916946","1027.952","5","1027.952"
"1","15","1000","""suslab""","""schwarz""","true","1","false","0.004531285207003792","""showerhead""","0.7043579324977686","0.6827894716215573","0.7031604711916946","1028.09","5","1027.952"
"1","20","1000","""suslab""","""schwarz""","true","1","false","0.004531285207003792","""showerhead""","0.7043579324977686","0.5563239315579005","0.7031604711916946","1027.938","5","1027.938"
"1","25","1000","""suslab""","""schwarz""","true","1","false","0.004531285207003792","""showerhead""","0.7043579324977686","0.5563239315579005","0.7513888821320212","1028.253","5","1027.938"
"1","30","1000","""suslab""","""schwarz""","true","1","false","0.004531285207003792","""showerhead""","0.7252987911904897","0.5563239315579005","0.7031604711916946","1028.294","5","1027.938"
"1","35","1000","""suslab""","""schwarz""","true","1","false","0.004","""showerhead""","0.7043579324977686","0.5563239315579005","0.6776030388020344","1028.622","5","1027.938"
"1","40","1000","""suslab""","""schwarz""","true","1","false","0.005256412992311145","""showerhead""","0.7043579324977686","0.5563239315579005","0.6776030388020344","1027.187","5","1027.187"
"1","45","1000","""suslab""","""schwarz""","true","1","false","0.005256412992311145","""showerhead""","0.7043579324977686","0.6112920005771556","0.6776030388020344","1028.114","5","1027.187"
"1","50","1000","""suslab""","""schwarz""","true","1","false","0.0076495475317208605","""showerhead""","0.7043579324977686","0.5563239315579005","0.6776030388020344","1028.516","5","1027.187"
"1","55","1000","""suslab""","""schwarz""","true","1","false","0.006264801223248184","""showerhead""","0.7043579324977686","0.5563239315579005","0.6776030388020344","1028.201","5","1027.187"
"1","60","1000","""suslab""","""schwarz""","true","1","false","0.007025885376881081","""showerhead""","0.7043579324977686","0.5563239315579005","0.6776030388020344","1027.334","5","1027.187"
"1","65","1000","""suslab""","""schwarz""","true","1","false","0.007025885376881081","""showerhead""","0.7043579324977686","0.6164891955100055","0.6776030388020344","1027.193","5","1027.187"
"1","70","1000","""suslab""","""schwarz""","true","1","false","0.007025885376881081","""showerhead""","0.7043579324977686","0.6125877499537166","0.6776030388020344","1027.627","5","1027.187"
"1","75","1000","""suslab""","""schwarz""","true","1","false","0.007025885376881081","""showerhead""","0.7043579324977686","0.6945524691570268","0.6776030388020344","1028.019","5","1027.187"
"1","80","1000","""suslab""","""schwarz""","true","1","false","0.007025885376881081","""showerhead""","0.5981863928169038","0.6945524691570268","0.6776030388020344","1027.721","5","1027.187"
"1","85","1000","""suslab""","""schwarz""","true","1","false","0.007025885376881081","""showerhead""","0.5981863928169038","0.5716260774872689","0.6776030388020344","1026.414","5","1026.414"
"1","90","1000","""suslab""","""schwarz""","true","1","false","0.004852679441867312","""showerhead""","0.5981863928169038","0.5716260774872689","0.6776030388020344","1028.002","5","1026.414"
"1","95","1000","""suslab""","""schwarz""","true","1","false","0.008557132458152391","""showerhead""","0.5981863928169038","0.5716260774872689","0.6776030388020344","1026.422","5","1026.414"
"1","100","1000","""suslab""","""schwarz""","true","1","false","0.008557132458152391","""showerhead""","0.5693183316025237","0.5014338978024369","0.6776030388020344","1026.388","5","1026.388"
"1","105","1000","""suslab""","""schwarz""","true","1","false","0.008557132458152391","""showerhead""","0.5693183316025237","0.5014338978024369","0.8887525125042194","1025.566","5","1025.566"
"1","110","1000","""suslab""","""schwarz""","true","1","false","0.008557132458152391","""showerhead""","0.5693183316025237","0.43680818709108143","0.8887525125042194","1026.283","5","1025.566"
"1","115","1000","""suslab""","""schwarz""","true","1","false","0.007425053155003513","""showerhead""","0.5693183316025237","0.43680818709108143","0.8887525125042194","1026.217","5","1025.566"
"1","120","1000","""suslab""","""schwarz""","true","1","false","0.007425053155003513","""showerhead""","0.5693183316025237","0.3588354619744026","0.8887525125042194","1025.771","5","1025.566"
"1","125","1000","""suslab""","""schwarz""","true","1","false","0.007425053155003513","""showerhead""","0.5693183316025237","0.19908026728529918","0.8887525125042194","23.311000000000003","5","23.311000000000003"
"1","130","1000","""suslab""","""schwarz""","true","1","false","0.007425053155003513","""showerhead""","0.5693183316025237","0.19908026728529918","0.7207851316552116","1024.872","5","23.311000000000003"
"1","135","1000","""suslab""","""schwarz""","true","1","false","0.007425053155003513","""showerhead""","0.5693183316025237","0.19908026728529918","0.8619716973334868","1019.762","5","23.311000000000003"
"1","140","1000","""suslab""","""schwarz""","true","1","false","0.01029879932655713","""showerhead""","0.5693183316025237","0.19908026728529918","0.8887525125042194","20.561","5","20.561"
"1","145","1000","""suslab""","""schwarz""","true","1","false","0.01029879932655713","""showerhead""","0.5283993241092947","0.19908026728529918","0.8887525125042194","23.734","5","20.561"
"1","150","1000","""suslab""","""schwarz""","true","1","false","0.01029879932655713","""showerhead""","0.5928499874901797","0.19908026728529918","0.8887525125042194","20.625999999999998","5","20.561"
"1","155","1000","""suslab""","""schwarz""","true","1","false","0.004696034147203315","""showerhead""","0.5928499874901797","0.19908026728529918","0.8887525125042194","1025.811","5","20.561"
"1","160","1000","""suslab""","""schwarz""","true","1","false","0.01029879932655713","""showerhead""","0.5928499874901797","0.19908026728529918","1","22.402","5","20.561"
"1","165","1000","""suslab""","""schwarz""","true","1","false","0.01029879932655713","""showerhead""","0.7105962500195396","0.19908026728529918","0.8887525125042194","23.694","5","20.561"
"1","170","1000","""suslab""","""schwarz""","true","1","false","0.01029879932655713","""showerhead""","0.42257890106148155","0.19908026728529918","0.8887525125042194","21.107999999999997","5","20.561"
"1","175","1000","""suslab""","""schwarz""","true","1","false","0.01029879932655713","""showerhead""","0.5658742680272284","0.19908026728529918","0.8887525125042194","21.851999999999997","5","20.561"
"1","180","1000","""suslab""","""schwarz""","true","1","false","0.01029879932655713","""showerhead""","0.7082146077429251","0.19908026728529918","0.8887525125042194","24.243999999999996","5","20.561"
"1","185","1000","""suslab""","""schwarz""","true","1","false","0.01029879932655713","""showerhead""","0.484453637333568","0.19908026728529918","0.8887525125042194","24.348000000000003","5","20.561"
"1","190","1000","""suslab""","""schwarz""","true","1","false","0.01029879932655713","""showerhead""","0.5229330207903236","0.19908026728529918","0.8887525125042194","1023.096","5","20.561"
"1","195","1000","""suslab""","""schwarz""","true","1","false","0.01029879932655713","""showerhead""","0.5928499874901797","0.1834333649096353","0.885906973668485","1018.944","5","20.561"
"1","200","1000","""suslab""","""schwarz""","true","1","false","0.007163254440950301","""showerhead""","0.5928499874901797","0.19908026728529918","0.8887525125042194","1023.848","5","20.561"
"1","205","1000","""suslab""","""schwarz""","true","1","false","0.011473248911860688","""showerhead""","0.5928499874901797","0.19908026728529918","0.8887525125042194","24.927000000000003","5","20.561"
"1","210","1000","""suslab""","""schwarz""","true","1","false","0.01029879932655713","""showerhead""","0.5928499874901797","0.19908026728529918","0.8367565168540563","1025.108","5","20.561"
"1","215","1000","""suslab""","""schwarz""","true","1","false","0.01029879932655713","""showerhead""","0.5928499874901797","0.24691012081384991","0.8887525125042194","20.899","5","20.561"
"1","220","1000","""suslab""","""schwarz""","true","1","false","0.01029879932655713","""showerhead""","0.5928499874901797","0.20101846911157387","0.8887525125042194","21.298000000000002","5","20.561"
"1","225","1000","""suslab""","""schwarz""","true","1","false","0.01029879932655713","""showerhead""","0.5398295209849719","0.19908026728529918","0.8887525125042194","17.362000000000002","5","17.362000000000002"
"1","230","1000","""suslab""","""schwarz""","true","1","false","0.010222148354583186","""showerhead""","0.5398295209849719","0.19908026728529918","0.8887525125042194","23.427","5","17.362000000000002"
"1","235","1000","""suslab""","""schwarz""","true","1","false","0.01029879932655713","""showerhead""","0.5398295209849719","0.19908026728529918","1","21.047","5","17.362000000000002"
"1","240","1000","""suslab""","""schwarz""","true","1","false","0.01029879932655713","""showerhead""","0.5398295209849719","0.23873168245017673","0.8887525125042194","20.902","5","17.362000000000002"
"1","245","1000","""suslab""","""schwarz""","true","1","false","0.01029879932655713","""showerhead""","0.5398295209849719","0.19908026728529918","0.8824703359097033","21.270000000000003","5","17.362000000000002"
"1","250","1000","""suslab""","""schwarz""","true","1","false","0.004645415643212447","""showerhead""","0.5398295209849719","0.19908026728529918","0.8887525125042194","1027.459","5","17.362000000000002"
"1","255","1000","""suslab""","""schwarz""","true","1","false","0.01029879932655713","""showerhead""","0.5398295209849719","0.1842123889818182","0.8887525125042194","22.151","5","17.362000000000002"
"1","260","1000","""suslab""","""schwarz""","true","1","false","0.01029879932655713","""showerhead""","0.5398295209849719","0.19908026728529918","0.9295748881995121","24.378999999999998","5","17.362000000000002"
"1","265","1000","""suslab""","""schwarz""","true","1","false","0.011020889401005369","""showerhead""","0.5398295209849719","0.11723942121533029","0.8887525125042194","28.918","5","17.362000000000002"
"1","270","1000","""suslab""","""schwarz""","true","1","false","0.012674065174176172","""showerhead""","0.5398295209849719","0.19908026728529918","0.8887525125042194","14.189","5","14.189"
"1","275","1000","""suslab""","""schwarz""","true","1","false","0.013247650241463727","""showerhead""","0.5398295209849719","0.19908026728529918","0.8887525125042194","16.845000000000002","5","14.189"
"1","280","1000","""suslab""","""schwarz""","true","1","false","0.012674065174176172","""showerhead""","0.5398295209849719","0.19908026728529918","1","22.736","5","14.189"
"1","285","1000","""suslab""","""schwarz""","true","1","false","0.012674065174176172","""showerhead""","0.5398295209849719","0","0.8887525125042194","14.623","5","14.189"
"1","290","1000","""suslab""","""schwarz""","true","1","false","0.014865750043312993","""showerhead""","0.5398295209849719","0.19908026728529918","0.8887525125042194","15.219000000000001","5","14.189"
"1","295","1000","""suslab""","""schwarz""","true","1","false","0.012674065174176172","""showerhead""","0.6942873974061894","0.19908026728529918","0.8887525125042194","18.386000000000003","5","14.189"
"1","300","1000","""suslab""","""schwarz""","true","1","false","0.012674065174176172","""showerhead""","0.5398295209849719","0.19908026728529918","0.966352386138995","23.323","5","14.189"
"2","5","1000","""suslab""","""schwarz""","true","1","false","0.03200405811963735","""showerhead""","0.30613899743204265","0.6207896937129845","0.9373966464051473","47.940999999999995","5","47.940999999999995"
"2","10","1000","""suslab""","""schwarz""","true","1","false","0.034418526277105344","""showerhead""","0.30613899743204265","0.6207896937129845","0.9373966464051473","35.358000000000004","5","35.358000000000004"
"2","15","1000","""suslab""","""schwarz""","true","1","false","0.034418526277105344","""showerhead""","0.30613899743204265","0.6207896937129845","0.9261709308914005","38.667","5","35.358000000000004"
"2","20","1000","""suslab""","""schwarz""","true","1","false","0.034418526277105344","""showerhead""","0.30613899743204265","0.6207896937129845","0.9777125531529024","42.01199999999999","5","35.358000000000004"
"2","25","1000","""suslab""","""schwarz""","true","1","false","0.034418526277105344","""showerhead""","0.30613899743204265","0.6207896937129845","0.9007921272682742","41.1","5","35.358000000000004"
"2","30","1000","""suslab""","""schwarz""","true","1","false","0.034418526277105344","""showerhead""","0.14069404639384311","0.6207896937129845","0.9373966464051473","48.249","5","35.358000000000004"
"2","35","1000","""suslab""","""schwarz""","true","1","false","0.03728600643073643","""showerhead""","0.30613899743204265","0.6207896937129845","0.9373966464051473","40.394","5","35.358000000000004"
"2","40","1000","""suslab""","""schwarz""","true","1","false","0.034418526277105344","""showerhead""","0.30613899743204265","0.5849490722110529","0.9373966464051473","25.491","5","25.491"
"2","45","1000","""suslab""","""schwarz""","true","1","false","0.03214019788848251","""showerhead""","0.30613899743204265","0.5849490722110529","0.9373966464051473","34.013","5","25.491"
"2","50","1000","""suslab""","""schwarz""","true","1","false","0.034418526277105344","""showerhead""","0.25516534083630826","0.5849490722110529","0.9373966464051473","45.069","5","25.491"
"2","55","1000","""suslab""","""schwarz""","true","1","false","0.034418526277105344","""showerhead""","0.30613899743204265","0.5399763102145749","0.9002331597579549","49.242999999999995","5","25.491"
"2","60","1000","""suslab""","""schwarz""","true","1","false","0.034418526277105344","""showerhead""","0.30613899743204265","0.5849490722110529","0.9021435961782899","45.31699999999999","5","25.491"
"2","65","1000","""suslab""","""schwarz""","true","1","false","0.034186058316735955","""showerhead""","0.30613899743204265","0.5849490722110529","0.9373966464051473","47.099999999999994","5","25.491"
"2","70","1000","""suslab""","""schwarz""","true","1","false","0.034418526277105344","""showerhead""","0.30613899743204265","0.5424166599714146","0.9373966464051473","44.90699999999999","5","25.491"
"2","75","1000","""suslab""","""schwarz""","true","1","false","0.034418526277105344","""showerhead""","0.4458856622128061","0.5849490722110529","0.9373966464051473","21.649","5","21.649"
"2","80","1000","""suslab""","""schwarz""","true","1","false","0.034418526277105344","""showerhead""","0.4458856622128061","0.5849490722110529","0.9625147511015613","28.095","5","21.649"
"2","85","1000","""suslab""","""schwarz""","true","1","false","0.03405831975137616","""showerhead""","0.3853451470315222","0.5849490722110529","0.9373966464051473","44.851000000000006","5","21.649"
"2","90","1000","""suslab""","""schwarz""","true","1","false","0.03358185207687009","""showerhead""","0.4458856622128061","0.5849490722110529","0.9373966464051473","35.265","5","21.649"
"2","95","1000","""suslab""","""schwarz""","true","1","false","0.034418526277105344","""showerhead""","0.4458856622128061","0.4630628739495364","0.9373966464051473","47.94800000000001","5","21.649"
"2","100","1000","""suslab""","""schwarz""","true","1","false","0.034418526277105344","""showerhead""","0.5797397342424101","0.5849490722110529","0.9373966464051473","23.821999999999996","5","21.649"
"2","105","1000","""suslab""","""schwarz""","true","1","false","0.034418526277105344","""showerhead""","0.4104819827559521","0.5849490722110529","0.9373966464051473","40.745999999999995","5","21.649"
"2","110","1000","""suslab""","""schwarz""","true","1","false","0.034418526277105344","""showerhead""","0.4458856622128061","0.6177248145153389","1","15.855","5","15.855"
"2","115","1000","""suslab""","""schwarz""","true","1","false","0.034418526277105344","""showerhead""","0.4458856622128061","0.7609778638356117","1","21.064","5","15.855"
"2","120","1000","""suslab""","""schwarz""","true","1","false","0.034418526277105344","""showerhead""","0.4458856622128061","0.6242964205706869","1","8.624","5","8.624"
"2","125","1000","""suslab""","""schwarz""","true","1","false","0.034418526277105344","""showerhead""","0.2301439262478264","0.6242964205706869","1","30.588000000000005","5","8.624"
"2","130","1000","""suslab""","""schwarz""","true","1","false","0.034418526277105344","""showerhead""","0.4458856622128061","0.6242964205706869","0.9032268345702923","30.691","5","8.624"
"2","135","1000","""suslab""","""schwarz""","true","1","false","0.030867323763371417","""showerhead""","0.4458856622128061","0.6242964205706869","1","16.494","5","8.624"
"2","140","1000","""suslab""","""schwarz""","true","1","false","0.034418526277105344","""showerhead""","0.4458856622128061","0.6242964205706869","0.8854475825418098","34.069","5","8.624"
"2","145","1000","""suslab""","""schwarz""","true","1","false","0.032171911575051906","""showerhead""","0.4458856622128061","0.6242964205706869","1","21.726","5","8.624"
"2","150","1000","""suslab""","""schwarz""","true","1","false","0.034418526277105344","""showerhead""","0.4458856622128061","0.5720700184588403","1","37.714","5","8.624"
"2","155","1000","""suslab""","""schwarz""","true","1","false","0.031893113522262505","""showerhead""","0.4458856622128061","0.6242964205706869","1","28.36","5","8.624"
"2","160","1000","""suslab""","""schwarz""","true","1","false","0.03767718887777674","""showerhead""","0.4458856622128061","0.6242964205706869","1","40.955999999999996","5","8.624"
"2","165","1000","""suslab""","""schwarz""","true","1","false","0.034418526277105344","""showerhead""","0.4834121119899999","0.6242964205706869","1","24.301000000000002","5","8.624"
"2","170","1000","""suslab""","""schwarz""","true","1","false","0.03849948297324263","""showerhead""","0.4458856622128061","0.6242964205706869","1","41.010000000000005","5","8.624"
"2","175","1000","""suslab""","""schwarz""","true","1","false","0.034418526277105344","""showerhead""","0.44872415793130893","0.6242964205706869","1","24.224","5","8.624"
"2","180","1000","""suslab""","""schwarz""","true","1","false","0.034418526277105344","""showerhead""","0.4458856622128061","0.6242964205706869","0.9091495902562223","35.266999999999996","5","8.624"
"2","185","1000","""suslab""","""schwarz""","true","1","false","0.03440318837543336","""showerhead""","0.21976146828508286","0.6242964205706869","1","41.227","5","8.624"
"2","190","1000","""suslab""","""schwarz""","true","1","false","0.03315779223419538","""showerhead""","0.4458856622128061","0.6242964205706869","1","11.639000000000003","5","8.624"
"2","195","1000","""suslab""","""schwarz""","true","1","false","0.02848404068337634","""showerhead""","0.4458856622128061","0.6242964205706869","1","19.134","5","8.624"
"2","200","1000","""suslab""","""schwarz""","true","1","false","0.034418526277105344","""showerhead""","0.4458856622128061","0.5390777532617099","1","21.072","5","8.624"
"2","205","1000","""suslab""","""schwarz""","true","1","false","0.034418526277105344","""showerhead""","0.4458856622128061","0.7082240846595159","1","18.026999999999997","5","8.624"
"2","210","1000","""suslab""","""schwarz""","true","1","false","0.03213233282258906","""showerhead""","0.4458856622128061","0.6242964205706869","1","28.232","5","8.624"
"2","215","1000","""suslab""","""schwarz""","true","1","false","0.034418526277105344","""showerhead""","0.5085838529370663","0.6242964205706869","1","24.778","5","8.624"
"2","220","1000","""suslab""","""schwarz""","true","1","false","0.034647882676447236","""showerhead""","0.4458856622128061","0.6242964205706869","1","15.761","5","8.624"
"2","225","1000","""suslab""","""schwarz""","true","1","false","0.034418526277105344","""showerhead""","0.4458856622128061","0.6242964205706869","0.8876242703637237","31.205","5","8.624"
"2","230","1000","""suslab""","""schwarz""","true","1","false","0.034418526277105344","""showerhead""","0.4458856622128061","0.7356086144016724","1","9.363999999999999","5","8.624"
"2","235","1000","""suslab""","""schwarz""","true","1","false","0.034418526277105344","""showerhead""","0.4458856622128061","0.6412392580576336","1","21.279999999999998","5","8.624"
"2","240","1000","""suslab""","""schwarz""","true","1","false","0.034418526277105344","""showerhead""","0.38715971226209983","0.7356086144016724","1","8.086000000000002","5","8.086000000000002"
"2","245","1000","""suslab""","""schwarz""","true","1","false","0.034418526277105344","""showerhead""","0.38715971226209983","0.7701444206537089","1","8.707","5","8.086000000000002"
"2","250","1000","""suslab""","""schwarz""","true","1","false","0.034418526277105344","""showerhead""","0.12232708585302426","0.7701444206537089","1","22.303000000000004","5","8.086000000000002"
"2","255","1000","""suslab""","""schwarz""","true","1","false","0.036679120977039126","""showerhead""","0.38715971226209983","0.7701444206537089","1","17.594","5","8.086000000000002"
"2","260","1000","""suslab""","""schwarz""","true","1","false","0.034418526277105344","""showerhead""","0.38715971226209983","0.7798920567930381","1","5.513","5","5.513"
"2","265","1000","""suslab""","""schwarz""","true","1","false","0.03502360011794791","""showerhead""","0.38715971226209983","0.7798920567930381","1","15.82","5","5.513"
"2","270","1000","""suslab""","""schwarz""","true","1","false","0.034418526277105344","""showerhead""","0.38715971226209983","0.8536338341520033","1","7.258000000000001","5","5.513"
"2","275","1000","""suslab""","""schwarz""","true","1","false","0.034418526277105344","""showerhead""","0.38715971226209983","0.7798920567930381","0.9184418167835312","21.493","5","5.513"
"2","280","1000","""suslab""","""schwarz""","true","1","false","0.030813195699777998","""showerhead""","0.38715971226209983","0.7798920567930381","1","12.395999999999997","5","5.513"
"2","285","1000","""suslab""","""schwarz""","true","1","false","0.034418526277105344","""showerhead""","0.38715971226209983","0.7798920567930381","0.9778907666725272","24.483","5","5.513"
"2","290","1000","""suslab""","""schwarz""","true","1","false","0.034418526277105344","""showerhead""","0.38715971226209983","0.931846921405856","0.9884467474135162","12.349000000000002","5","5.513"
"2","295","1000","""suslab""","""schwarz""","true","1","false","0.03135366730651435","""showerhead""","0.38715971226209983","0.7798920567930381","1","7.842000000000002","5","5.513"
"2","300","1000","""suslab""","""schwarz""","true","1","false","0.034418526277105344","""showerhead""","0.5269378997979226","0.7798920567930381","1","1026.184","5","5.513"
"3","5","1000","""suslab""","""schwarz""","true","1","false","0.03920191561724551","""showerhead""","0.6043082361828517","0.4949876578319974","0.9954711693598141","49.573","5","49.573"
"3","10","1000","""suslab""","""schwarz""","true","1","false","0.03405650848095611","""showerhead""","0.6043082361828517","0.4949876578319974","0.9954711693598141","27.096000000000004","5","27.096000000000004"
"3","15","1000","""suslab""","""schwarz""","true","1","false","0.03405650848095611","""showerhead""","0.6043082361828517","0.47216815178531146","0.9954711693598141","28.475","5","27.096000000000004"
"3","20","1000","""suslab""","""schwarz""","true","1","false","0.03405650848095611","""showerhead""","0.6043082361828517","0.4949876578319974","1","20.054999999999996","5","20.054999999999996"
"3","25","1000","""suslab""","""schwarz""","true","1","false","0.03405650848095611","""showerhead""","0.6043082361828517","0.6717634262228626","1","12.213999999999999","5","12.213999999999999"
"3","30","1000","""suslab""","""schwarz""","true","1","false","0.038532952608320514","""showerhead""","0.6043082361828517","0.6717634262228626","0.7946178680096178","26.863999999999997","5","12.213999999999999"
"3","35","1000","""suslab""","""schwarz""","true","1","false","0.03405650848095611","""showerhead""","0.6043082361828517","0.6717634262228626","0.993660469195261","16.567","5","12.213999999999999"
"3","40","1000","""suslab""","""schwarz""","true","1","false","0.03405650848095611","""showerhead""","0.7247779493929715","0.6717634262228626","1","16.192999999999998","5","12.213999999999999"
"3","45","1000","""suslab""","""schwarz""","true","1","false","0.03405650848095611","""showerhead""","0.791366517307375","0.6717634262228626","0.9646263601626764","16.871000000000002","5","12.213999999999999"
"3","50","1000","""suslab""","""schwarz""","true","1","false","0.03405650848095611","""showerhead""","0.5042880819877854","0.6717634262228626","1","18.451","5","12.213999999999999"
"3","55","1000","""suslab""","""schwarz""","true","1","false","0.03405650848095611","""showerhead""","0.43000364923364975","0.6717634262228626","1","10.994","5","10.994"
"3","60","1000","""suslab""","""schwarz""","true","1","false","0.03405650848095611","""showerhead""","0.43000364923364975","0.6593073462332344","1","25.095000000000002","5","10.994"
"3","65","1000","""suslab""","""schwarz""","true","1","false","0.03405650848095611","""showerhead""","0.5029536323850721","0.6717634262228626","1","15.809000000000001","5","10.994"
"3","70","1000","""suslab""","""schwarz""","true","1","false","0.03382824909553272","""showerhead""","0.43000364923364975","0.6717634262228626","1","25.250999999999998","5","10.994"
"3","75","1000","""suslab""","""schwarz""","true","1","false","0.03405650848095611","""showerhead""","0.43000364923364975","0.7495413773214998","1","16.218000000000004","5","10.994"
"3","80","1000","""suslab""","""schwarz""","true","1","false","0.03405650848095611","""showerhead""","0.43000364923364975","0.6717634262228626","0.8358273775582088","23.412","5","10.994"
"3","85","1000","""suslab""","""schwarz""","true","1","false","0.03235685388255797","""showerhead""","0.43000364923364975","0.6717634262228626","1","15.155000000000001","5","10.994"
"3","90","1000","""suslab""","""schwarz""","true","1","false","0.03405650848095611","""showerhead""","0.2852936203485467","0.6717634262228626","1","29.002000000000002","5","10.994"
"3","95","1000","""suslab""","""schwarz""","true","1","false","0.03405650848095611","""showerhead""","0.43000364923364975","0.6717634262228626","0.949430949567708","32.53","5","10.994"
"3","100","1000","""suslab""","""schwarz""","true","1","false","0.03405650848095611","""showerhead""","0.43000364923364975","0.6400665477933375","1","36.492","5","10.994"
"3","105","1000","""suslab""","""schwarz""","true","1","false","0.03405650848095611","""showerhead""","0.43000364923364975","0.7435535510614224","1","9.118999999999998","5","9.118999999999998"
"3","110","1000","""suslab""","""schwarz""","true","1","false","0.033957501617878666","""showerhead""","0.43000364923364975","0.7435535510614224","1","11.9","5","9.118999999999998"
"3","115","1000","""suslab""","""schwarz""","true","1","false","0.03405650848095611","""showerhead""","0.4404411922737949","0.7435535510614224","1","15.328","5","9.118999999999998"
"3","120","1000","""suslab""","""schwarz""","true","1","false","0.03405650848095611","""showerhead""","0.43000364923364975","0.5666917941333814","1","33.599","5","9.118999999999998"
"3","125","1000","""suslab""","""schwarz""","true","1","false","0.03405650848095611","""showerhead""","0.43000364923364975","0.7068075804724905","1","11.350000000000001","5","9.118999999999998"
"3","130","1000","""suslab""","""schwarz""","true","1","false","0.03920139715800079","""showerhead""","0.43000364923364975","0.7435535510614224","1","21.576","5","9.118999999999998"
"3","135","1000","""suslab""","""schwarz""","true","1","false","0.03584176803607845","""showerhead""","0.43000364923364975","0.7435535510614224","1","11.535","5","9.118999999999998"
"3","140","1000","""suslab""","""schwarz""","true","1","false","0.03405650848095611","""showerhead""","0.34817979788095377","0.7435535510614224","1","18.985","5","9.118999999999998"
"3","145","1000","""suslab""","""schwarz""","true","1","false","0.03405650848095611","""showerhead""","0.43000364923364975","0.7435535510614224","0.9729347038317137","17.063","5","9.118999999999998"
"3","150","1000","""suslab""","""schwarz""","true","1","false","0.03405650848095611","""showerhead""","0.440473744254568","0.7435535510614224","1","7.510999999999999","5","7.510999999999999"
"3","155","1000","""suslab""","""schwarz""","true","1","false","0.03405650848095611","""showerhead""","0.440473744254568","0.5899207709371066","1","19.287000000000003","5","7.510999999999999"
"3","160","1000","""suslab""","""schwarz""","true","1","false","0.03405650848095611","""showerhead""","0.440473744254568","0.7988819153065947","1","6.595000000000002","5","6.595000000000002"
"3","165","1000","""suslab""","""schwarz""","true","1","false","0.03405650848095611","""showerhead""","0.47496856250513897","0.7988819153065947","1","9.804000000000002","5","6.595000000000002"
"3","170","1000","""suslab""","""schwarz""","true","1","false","0.03154073195216548","""showerhead""","0.440473744254568","0.7988819153065947","1","12.485999999999999","5","6.595000000000002"
"3","175","1000","""suslab""","""schwarz""","true","1","false","0.03651788371928134","""showerhead""","0.440473744254568","0.7988819153065947","1","13.369","5","6.595000000000002"
"3","180","1000","""suslab""","""schwarz""","true","1","false","0.03518872242614005","""showerhead""","0.440473744254568","0.7391645728851235","1","16.352","5","6.595000000000002"
"3","185","1000","""suslab""","""schwarz""","true","1","false","0.03405650848095611","""showerhead""","0.440473744254568","0.6339488756521381","1","24.865","5","6.595000000000002"
"3","190","1000","""suslab""","""schwarz""","true","1","false","0.03405650848095611","""showerhead""","0.4363349813347506","0.7988819153065947","1","19.105","5","6.595000000000002"
"3","195","1000","""suslab""","""schwarz""","true","1","false","0.03789811123351253","""showerhead""","0.440473744254568","0.7988819153065947","1","6.615999999999999","5","6.595000000000002"
"3","200","1000","""suslab""","""schwarz""","true","1","false","0.03789811123351253","""showerhead""","0.35499353634131425","0.7988819153065947","1","16.717","5","6.595000000000002"
"3","205","1000","""suslab""","""schwarz""","true","1","false","0.03789811123351253","""showerhead""","0.440473744254568","0.9140298922456485","1","28.009","5","6.595000000000002"
"3","210","1000","""suslab""","""schwarz""","true","1","false","0.03789811123351253","""showerhead""","0.440473744254568","0.7988819153065947","0.8960197175283675","22.534","5","6.595000000000002"
"3","215","1000","""suslab""","""schwarz""","true","1","false","0.03789811123351253","""showerhead""","0.440473744254568","0.6685742425730452","1","19.22","5","6.595000000000002"
"3","220","1000","""suslab""","""schwarz""","true","1","false","0.03789811123351253","""showerhead""","0.440473744254568","0.93450276016279","0.9976375550029974","20.369999999999997","5","6.595000000000002"
"3","225","1000","""suslab""","""schwarz""","true","1","false","0.03789811123351253","""showerhead""","0.440473744254568","0.9820033106334922","1","1012.822","5","6.595000000000002"
"3","230","1000","""suslab""","""schwarz""","true","1","false","0.03895282543000672","""showerhead""","0.440473744254568","0.7988819153065947","1","11.008000000000001","5","6.595000000000002"
"3","235","1000","""suslab""","""schwarz""","true","1","false","0.03789811123351253","""showerhead""","0.5624673442302649","0.7988819153065947","1","12.297999999999998","5","6.595000000000002"
"3","240","1000","""suslab""","""schwarz""","true","1","false","0.03521231451966414","""showerhead""","0.440473744254568","0.7988819153065947","1","18.931","5","6.595000000000002"
"3","245","1000","""suslab""","""schwarz""","true","1","false","0.03789811123351253","""showerhead""","0.440473744254568","0.8392459285647834","1","4.889000000000001","5","4.889000000000001"
"3","250","1000","""suslab""","""schwarz""","true","1","false","0.04","""showerhead""","0.440473744254568","0.8392459285647834","1","16.811000000000003","5","4.889000000000001"
"3","255","1000","""suslab""","""schwarz""","true","1","false","0.03789811123351253","""showerhead""","0.440473744254568","0.7512428625006504","1","11.801999999999998","5","4.889000000000001"
"3","260","1000","""suslab""","""schwarz""","true","1","false","0.035411697493595226","""showerhead""","0.440473744254568","0.8392459285647834","1","12.139","5","4.889000000000001"
"3","265","1000","""suslab""","""schwarz""","true","1","false","0.03789811123351253","""showerhead""","0.440473744254568","0.8933048920476602","1","12.672999999999998","5","4.889000000000001"
"3","270","1000","""suslab""","""schwarz""","true","1","false","0.03789811123351253","""showerhead""","0.4959391676926613","0.8392459285647834","1","16.599","5","4.889000000000001"
"3","275","1000","""suslab""","""schwarz""","true","1","false","0.03789811123351253","""showerhead""","0.440473744254568","0.8847734121579136","1","14.272","5","4.889000000000001"
"3","280","1000","""suslab""","""schwarz""","true","1","false","0.03789811123351253","""showerhead""","0.440473744254568","0.7908703330289995","1","10.564","5","4.889000000000001"
"3","285","1000","""suslab""","""schwarz""","true","1","false","0.03789811123351253","""showerhead""","0.440473744254568","0.9352091094150943","1","11.743999999999998","5","4.889000000000001"
"3","290","1000","""suslab""","""schwarz""","true","1","false","0.03789811123351253","""showerhead""","0.440473744254568","0.8392459285647834","0.9741640876341945","12.081000000000001","5","4.889000000000001"
"3","295","1000","""suslab""","""schwarz""","true","1","false","0.03789811123351253","""showerhead""","0.5791740444050169","0.8392459285647834","1","18.502","5","4.889000000000001"
"3","300","1000","""suslab""","""schwarz""","true","1","false","0.03789811123351253","""showerhead""","0.2676975630867107","0.8392459285647834","1","17.672","5","4.889000000000001"
"4","5","1000","""suslab""","""schwarz""","true","1","false","0.008155832171359095","""showerhead""","0.751176840047429","0.2005704384658974","0.46625695117581","1027.211","5","1027.211"
"4","10","1000","""suslab""","""schwarz""","true","1","false","0.008155832171359095","""showerhead""","0.751176840047429","0.2005704384658974","0.34228977240128994","1023.126","5","1023.126"
"4","15","1000","""suslab""","""schwarz""","true","1","false","0.008155832171359095","""showerhead""","0.751176840047429","0.2005704384658974","0.36771102658936944","1025.8220000000001","5","1023.126"
"4","20","1000","""suslab""","""schwarz""","true","1","false","0.008155832171359095","""showerhead""","0.751176840047429","0.25815255594778563","0.34228977240128994","1026.071","5","1023.126"
"4","25","1000","""suslab""","""schwarz""","true","1","false","0.008155832171359095","""showerhead""","0.751176840047429","0.2005704384658974","0.3055292849024937","1026.448","5","1023.126"
"4","30","1000","""suslab""","""schwarz""","true","1","false","0.008155832171359095","""showerhead""","0.7937670079083465","0.2005704384658974","0.34228977240128994","29.112000000000005","5","29.112000000000005"
"4","35","1000","""suslab""","""schwarz""","true","1","false","0.010070540616648443","""showerhead""","0.7937670079083465","0.048153917744210434","0.34228977240128994","26.239999999999995","5","26.239999999999995"
"4","40","1000","""suslab""","""schwarz""","true","1","false","0.010070540616648443","""showerhead""","0.7975045727392275","0.048153917744210434","0.34228977240128994","22.654000000000003","5","22.654000000000003"
"4","45","1000","""suslab""","""schwarz""","true","1","false","0.00815591197647974","""showerhead""","0.7975045727392275","0.048153917744210434","0.34228977240128994","25.875","5","22.654000000000003"
"4","50","1000","""suslab""","""schwarz""","true","1","false","0.013043754827710204","""showerhead""","0.7975045727392275","0.048153917744210434","0.34228977240128994","23.634","5","22.654000000000003"
"4","55","1000","""suslab""","""schwarz""","true","1","false","0.013043754827710204","""showerhead""","0.8478028825766368","0.048153917744210434","0.34228977240128994","23.962999999999997","5","22.654000000000003"
"4","60","1000","""suslab""","""schwarz""","true","1","false","0.013043754827710204","""showerhead""","0.7368077846591775","0.048153917744210434","0.34228977240128994","19.53","5","19.53"
"4","65","1000","""suslab""","""schwarz""","true","1","false","0.0044345162899104475","""showerhead""","0.7368077846591775","0.048153917744210434","0.34228977240128994","1027.816","5","19.53"
"4","70","1000","""suslab""","""schwarz""","true","1","false","0.013043754827710204","""showerhead""","0.7368077846591775","0.048153917744210434","0.39505953903865165","21.266000000000002","5","19.53"
"4","75","1000","""suslab""","""schwarz""","true","1","false","0.013043754827710204","""showerhead""","0.7368077846591775","0.1627914391271632","0.34228977240128994","20.501","5","19.53"
"4","80","1000","""suslab""","""schwarz""","true","1","false","0.013043754827710204","""showerhead""","0.7368077846591775","0.14347854544971084","0.4412618538876933","19.356","5","19.356"
"4","85","1000","""suslab""","""schwarz""","true","1","false","0.013043754827710204","""showerhead""","0.7044553480287528","0.14347854544971084","0.4412618538876933","21.486","5","19.356"
"4","90","1000","""suslab""","""schwarz""","true","1","false","0.013043754827710204","""showerhead""","0.7368077846591775","0.17886632911250938","0.4412618538876933","18.588","5","18.588"
"4","95","1000","""suslab""","""schwarz""","true","1","false","0.013043754827710204","""showerhead""","0.7368077846591775","0.17886632911250938","0.3070035094504395","20.047","5","18.588"
"4","100","1000","""suslab""","""schwarz""","true","1","false","0.013043754827710204","""showerhead""","0.8374155224507394","0.17886632911250938","0.4412618538876933","27.667000000000005","5","18.588"
"4","105","1000","""suslab""","""schwarz""","true","1","false","0.007792481682088541","""showerhead""","0.7368077846591775","0.17886632911250938","0.4412618538876933","1023.567","5","18.588"
"4","110","1000","""suslab""","""schwarz""","true","1","false","0.013043754827710204","""showerhead""","0.7368077846591775","0.17886632911250938","0.4448299470378368","20.407","5","18.588"
"4","115","1000","""suslab""","""schwarz""","true","1","false","0.013043754827710204","""showerhead""","0.7368077846591775","0.2451939691932577","0.4448299470378368","20.463","5","18.588"
"4","120","1000","""suslab""","""schwarz""","true","1","false","0.013043754827710204","""showerhead""","0.7368077846591775","0.17886632911250938","0.41994082415862977","24.174999999999997","5","18.588"
"4","125","1000","""suslab""","""schwarz""","true","1","false","0.013043754827710204","""showerhead""","0.7368077846591775","0.1718419809918506","0.4448299470378368","20.98","5","18.588"
"4","130","1000","""suslab""","""schwarz""","true","1","false","0.013043754827710204","""showerhead""","0.7368077846591775","0.1718419809918506","0.4483453323963722","19.854","5","18.588"
"4","135","1000","""suslab""","""schwarz""","true","1","false","0.013043754827710204","""showerhead""","0.7603915066740217","0.1718419809918506","0.4483453323963722","19.515","5","18.588"
"4","140","1000","""suslab""","""schwarz""","true","1","false","0.013043754827710204","""showerhead""","0.9047595919947684","0.1718419809918506","0.4483453323963722","19.639","5","18.588"
"4","145","1000","""suslab""","""schwarz""","true","1","false","0.0072166780624029715","""showerhead""","0.9047595919947684","0.1718419809918506","0.4483453323963722","1025.682","5","18.588"
"4","150","1000","""suslab""","""schwarz""","true","1","false","0.013043754827710204","""showerhead""","0.9047595919947684","0.1356484203995033","0.4483453323963722","22.148999999999997","5","18.588"
"4","155","1000","""suslab""","""schwarz""","true","1","false","0.013043754827710204","""showerhead""","0.7802452559881442","0.1718419809918506","0.4483453323963722","22.450000000000003","5","18.588"
"4","160","1000","""suslab""","""schwarz""","true","1","false","0.013043754827710204","""showerhead""","0.8798178329036344","0.1718419809918506","0.4483453323963722","25.157000000000004","5","18.588"
"4","165","1000","""suslab""","""schwarz""","true","1","false","0.013043754827710204","""showerhead""","0.9047595919947684","0.1810501686767996","0.4483453323963722","21.462999999999997","5","18.588"
"4","170","1000","""suslab""","""schwarz""","true","1","false","0.017948778667852584","""showerhead""","0.9047595919947684","0.1718419809918506","0.4483453323963722","23.263999999999996","5","18.588"
"4","175","1000","""suslab""","""schwarz""","true","1","false","0.013043754827710204","""showerhead""","0.8653298750165748","0.1718419809918506","0.4483453323963722","19.957","5","18.588"
"4","180","1000","""suslab""","""schwarz""","true","1","false","0.013043754827710204","""showerhead""","0.9047595919947684","0.06180684834835566","0.4483453323963722","18.487000000000002","5","18.487000000000002"
"4","185","1000","""suslab""","""schwarz""","true","1","false","0.013043754827710204","""showerhead""","0.9671381469009479","0.06180684834835566","0.4483453323963722","21.978","5","18.487000000000002"
"4","190","1000","""suslab""","""schwarz""","true","1","false","0.013043754827710204","""showerhead""","0.9047595919947684","0.1574404785704058","0.4483453323963722","23.274","5","18.487000000000002"
"4","195","1000","""suslab""","""schwarz""","true","1","false","0.013043754827710204","""showerhead""","0.9047595919947684","0","0.4483453323963722","19.733999999999998","5","18.487000000000002"
"4","200","1000","""suslab""","""schwarz""","true","1","false","0.013043754827710204","""showerhead""","0.9047595919947684","0.06180684834835566","0.40937546497649546","19.653000000000002","5","18.487000000000002"
"4","205","1000","""suslab""","""schwarz""","true","1","false","0.013043754827710204","""showerhead""","0.9047595919947684","0.01091826511474956","0.4483453323963722","20.781","5","18.487000000000002"
"4","210","1000","""suslab""","""schwarz""","true","1","false","0.013043754827710204","""showerhead""","1","0.06180684834835566","0.4483453323963722","28.529000000000003","5","18.487000000000002"
"4","215","1000","""suslab""","""schwarz""","true","1","false","0.013043754827710204","""showerhead""","0.9047595919947684","0.11003588384647664","0.4483453323963722","23.444","5","18.487000000000002"
"4","220","1000","""suslab""","""schwarz""","true","1","false","0.01598404741013714","""showerhead""","0.9047595919947684","0.06180684834835566","0.4483453323963722","24.39","5","18.487000000000002"
"4","225","1000","""suslab""","""schwarz""","true","1","false","0.013043754827710204","""showerhead""","0.8794554508827929","0.06180684834835566","0.4483453323963722","28.029","5","18.487000000000002"
"4","230","1000","""suslab""","""schwarz""","true","1","false","0.013043754827710204","""showerhead""","0.9579157759925484","0.06180684834835566","0.4483453323963722","26.270999999999997","5","18.487000000000002"
"4","235","1000","""suslab""","""schwarz""","true","1","false","0.015012039948281193","""showerhead""","0.9047595919947684","0.06180684834835566","0.4420808850013946","27.037","5","18.487000000000002"
"4","240","1000","""suslab""","""schwarz""","true","1","false","0.013043754827710204","""showerhead""","0.9047595919947684","0.1027206361497099","0.4483453323963722","20.544","5","18.487000000000002"
"4","245","1000","""suslab""","""schwarz""","true","1","false","0.013043754827710204","""showerhead""","0.9047595919947684","0.16665361678155644","0.4483453323963722","22.129999999999995","5","18.487000000000002"
"4","250","1000","""suslab""","""schwarz""","true","1","false","0.013043754827710204","""showerhead""","0.9047595919947684","0.06180684834835566","0.5426629706972863","19.115","5","18.487000000000002"
"4","255","1000","""suslab""","""schwarz""","true","1","false","0.013043754827710204","""showerhead""","0.8229528964418945","0.06180684834835566","0.4483453323963722","23.695999999999998","5","18.487000000000002"
"4","260","1000","""suslab""","""schwarz""","true","1","false","0.013043754827710204","""showerhead""","0.9697706581543899","0.06180684834835566","0.4483453323963722","24.794","5","18.487000000000002"
"4","265","1000","""suslab""","""schwarz""","true","1","false","0.013043754827710204","""showerhead""","0.9047595919947684","0.06180684834835566","0.41062410364239865","21.923000000000002","5","18.487000000000002"
"4","270","1000","""suslab""","""schwarz""","true","1","false","0.012080191746047488","""showerhead""","0.9047595919947684","0.06180684834835566","0.4483453323963722","20.944999999999997","5","18.487000000000002"
"4","275","1000","""suslab""","""schwarz""","true","1","false","0.013043754827710204","""showerhead""","0.9047595919947684","0.02367506854712194","0.4483453323963722","25.147999999999996","5","18.487000000000002"
"4","280","1000","""suslab""","""schwarz""","true","1","false","0.013043754827710204","""showerhead""","0.9047595919947684","0.06180684834835566","0.3073180219152182","23.349","5","18.487000000000002"
"4","285","1000","""suslab""","""schwarz""","true","1","false","0.013043754827710204","""showerhead""","0.9682979745628231","0.06180684834835566","0.4483453323963722","22.715","5","18.487000000000002"
"4","290","1000","""suslab""","""schwarz""","true","1","false","0.013043754827710204","""showerhead""","0.9126103278469722","0.06180684834835566","0.4483453323963722","27.024000000000004","5","18.487000000000002"
"4","295","1000","""suslab""","""schwarz""","true","1","false","0.013043754827710204","""showerhead""","0.9047595919947684","0.06180684834835566","0.3659396668757643","20.896","5","18.487000000000002"
"4","300","1000","""suslab""","""schwarz""","true","1","false","0.013043754827710204","""showerhead""","0.9446675802641438","0.06180684834835566","0.4483453323963722","20.075","5","18.487000000000002"
"5","5","1000","""suslab""","""schwarz""","true","1","false","0.02591244591406884","""showerhead""","0.7189085873407336","0.35526682854000025","0.2181656220701852","40.952000000000005","5","40.952000000000005"
"5","10","1000","""suslab""","""schwarz""","true","1","false","0.02591244591406884","""showerhead""","0.6490911877334402","0.35526682854000025","0.2181656220701852","37.67700000000001","5","37.67700000000001"
"5","15","1000","""suslab""","""schwarz""","true","1","false","0.03317411277884889","""showerhead""","0.6490911877334402","0.35526682854000025","0.2181656220701852","52.785","5","37.67700000000001"
"5","20","1000","""suslab""","""schwarz""","true","1","false","0.02591244591406884","""showerhead""","0.6490911877334402","0.35526682854000025","0.11352167774577641","47.03","5","37.67700000000001"
"5","25","1000","""suslab""","""schwarz""","true","1","false","0.02591244591406884","""showerhead""","0.6490911877334402","0.35526682854000025","0.2057935142624342","38.477999999999994","5","37.67700000000001"
"5","30","1000","""suslab""","""schwarz""","true","1","false","0.030019432245701794","""showerhead""","0.6490911877334402","0.35526682854000025","0.2057935142624342","43.985","5","37.67700000000001"
"5","35","1000","""suslab""","""schwarz""","true","1","false","0.02591244591406884","""showerhead""","0.6409460759396074","0.35526682854000025","0.2057935142624342","44.935","5","37.67700000000001"
"5","40","1000","""suslab""","""schwarz""","true","1","false","0.02591244591406884","""showerhead""","0.6490911877334402","0.35526682854000025","0.14813653844325148","45.468999999999994","5","37.67700000000001"
"5","45","1000","""suslab""","""schwarz""","true","1","false","0.02591244591406884","""showerhead""","0.6490911877334402","0.204227866420747","0.2057935142624342","50.040000000000006","5","37.67700000000001"
"5","50","1000","""suslab""","""schwarz""","true","1","false","0.02591244591406884","""showerhead""","0.621263761600755","0.35526682854000025","0.2057935142624342","40.30500000000001","5","37.67700000000001"
"5","55","1000","""suslab""","""schwarz""","true","1","false","0.02591244591406884","""showerhead""","0.6490911877334402","0.35526682854000025","0.2521412379777049","38.37","5","37.67700000000001"
"5","60","1000","""suslab""","""schwarz""","true","1","false","0.02591244591406884","""showerhead""","0.6490911877334402","0.35526682854000025","0.20860927377819646","31.648","5","31.648"
"5","65","1000","""suslab""","""schwarz""","true","1","false","0.02591244591406884","""showerhead""","0.6490911877334402","0.35526682854000025","0.11699569086136022","38.84199999999999","5","31.648"
"5","70","1000","""suslab""","""schwarz""","true","1","false","0.02591244591406884","""showerhead""","0.6490911877334402","0.31595011076591173","0.20860927377819646","1047.476","5","31.648"
"5","75","1000","""suslab""","""schwarz""","true","1","false","0.02591244591406884","""showerhead""","0.6490911877334402","0.23961189343492179","0.20860927377819646","35.422","5","31.648"
"5","80","1000","""suslab""","""schwarz""","true","1","false","0.024848408118515998","""showerhead""","0.6490911877334402","0.35526682854000025","0.20860927377819646","36.642","5","31.648"
"5","85","1000","""suslab""","""schwarz""","true","1","false","0.02591244591406884","""showerhead""","0.6490911877334402","0.35526682854000025","0.31526151528902474","34.74","5","31.648"
"5","90","1000","""suslab""","""schwarz""","true","1","false","0.02591244591406884","""showerhead""","0.6443604332709159","0.35526682854000025","0.20860927377819646","30.012","5","30.012"
"5","95","1000","""suslab""","""schwarz""","true","1","false","0.02591244591406884","""showerhead""","0.6443604332709159","0.3164304708862373","0.20860927377819646","41.783","5","30.012"
"5","100","1000","""suslab""","""schwarz""","true","1","false","0.02591244591406884","""showerhead""","0.6443604332709159","0.40094756034942597","0.20860927377819646","42.302","5","30.012"
"5","105","1000","""suslab""","""schwarz""","true","1","false","0.0313059816585726","""showerhead""","0.6443604332709159","0.35526682854000025","0.20860927377819646","1055.748","5","30.012"
"5","110","1000","""suslab""","""schwarz""","true","1","false","0.027006879811885088","""showerhead""","0.6443604332709159","0.35526682854000025","0.20860927377819646","45.94199999999999","5","30.012"
"5","115","1000","""suslab""","""schwarz""","true","1","false","0.02591244591406884","""showerhead""","0.6201266515305548","0.35526682854000025","0.20860927377819646","53.211","5","30.012"
"5","120","1000","""suslab""","""schwarz""","true","1","false","0.023130227752509887","""showerhead""","0.6443604332709159","0.35526682854000025","0.20860927377819646","25.307","5","25.307"
"5","125","1000","""suslab""","""schwarz""","true","1","false","0.023130227752509887","""showerhead""","0.6443604332709159","0.35526682854000025","0.07264389238603997","32.481","5","25.307"
"5","130","1000","""suslab""","""schwarz""","true","1","false","0.023130227752509887","""showerhead""","0.6340185906931819","0.35526682854000025","0.20860927377819646","32.882999999999996","5","25.307"
"5","135","1000","""suslab""","""schwarz""","true","1","false","0.023130227752509887","""showerhead""","0.6626421071045574","0.35526682854000025","0.20860927377819646","35.343999999999994","5","25.307"
"5","140","1000","""suslab""","""schwarz""","true","1","false","0.023130227752509887","""showerhead""","0.6443604332709159","0.35526682854000025","0.09490218146146193","26.673000000000002","5","25.307"
"5","145","1000","""suslab""","""schwarz""","true","1","false","0.023130227752509887","""showerhead""","0.6443604332709159","0.35526682854000025","0","38.89","5","25.307"
"5","150","1000","""suslab""","""schwarz""","true","1","false","0.023130227752509887","""showerhead""","0.6443604332709159","0.29012348737386173","0.09490218146146193","36.10900000000001","5","25.307"
"5","155","1000","""suslab""","""schwarz""","true","1","false","0.022881358279949318","""showerhead""","0.6443604332709159","0.35526682854000025","0.09490218146146193","28.439","5","25.307"
"5","160","1000","""suslab""","""schwarz""","true","1","false","0.020975719062824173","""showerhead""","0.6443604332709159","0.35526682854000025","0.09490218146146193","26.535999999999998","5","25.307"
"5","165","1000","""suslab""","""schwarz""","true","1","false","0.020975719062824173","""showerhead""","0.6443604332709159","0.4251064991896389","0.09490218146146193","26.564","5","25.307"
"5","170","1000","""suslab""","""schwarz""","true","1","false","0.02151474039857664","""showerhead""","0.6443604332709159","0.4251064991896389","0.09490218146146193","36.902","5","25.307"
"5","175","1000","""suslab""","""schwarz""","true","1","false","0.020975719062824173","""showerhead""","0.6443604332709159","0.4251064991896389","0","25.391999999999996","5","25.307"
"5","180","1000","""suslab""","""schwarz""","true","1","false","0.020975719062824173","""showerhead""","0.6443604332709159","0.42670512032647023","0","25.230999999999998","5","25.230999999999998"
"5","185","1000","""suslab""","""schwarz""","true","1","false","0.02578836422371368","""showerhead""","0.6443604332709159","0.42670512032647023","0","33.076","5","25.230999999999998"
"5","190","1000","""suslab""","""schwarz""","true","1","false","0.020797301152674013","""showerhead""","0.6443604332709159","0.42670512032647023","0","24.848","5","24.848"
"5","195","1000","""suslab""","""schwarz""","true","1","false","0.020797301152674013","""showerhead""","0.6443604332709159","0.4052397436727651","0","29.864","5","24.848"
"5","200","1000","""suslab""","""schwarz""","true","1","false","0.018075112908282478","""showerhead""","0.7035895860432008","0.42670512032647023","0","20.928","5","20.928"
"5","205","1000","""suslab""","""schwarz""","true","1","false","0.019858182914065103","""showerhead""","0.7035895860432008","0.42670512032647023","0","27.324999999999996","5","20.928"
"5","210","1000","""suslab""","""schwarz""","true","1","false","0.017292368979819343","""showerhead""","0.7035895860432008","0.42670512032647023","0","24.586000000000002","5","20.928"
"5","215","1000","""suslab""","""schwarz""","true","1","false","0.018075112908282478","""showerhead""","0.7035895860432008","0.42670512032647023","0.029631387420184424","18.488","5","18.488"
"5","220","1000","""suslab""","""schwarz""","true","1","false","0.018075112908282478","""showerhead""","0.7035895860432008","0.43712172840975994","0.029631387420184424","20.692","5","18.488"
"5","225","1000","""suslab""","""schwarz""","true","1","false","0.018075112908282478","""showerhead""","0.7035895860432008","0.546859998303599","0.029631387420184424","20.044000000000004","5","18.488"
"5","230","1000","""suslab""","""schwarz""","true","1","false","0.018645585271149647","""showerhead""","0.7035895860432008","0.42670512032647023","0.029631387420184424","21.465000000000003","5","18.488"
"5","235","1000","""suslab""","""schwarz""","true","1","false","0.020235802148213647","""showerhead""","0.7027206384097604","0.42670512032647023","0.029631387420184424","24.1","5","18.488"
"5","240","1000","""suslab""","""schwarz""","true","1","false","0.018075112908282478","""showerhead""","0.7035895860432008","0.42670512032647023","0.028034678972555706","22.406999999999996","5","18.488"
"5","245","1000","""suslab""","""schwarz""","true","1","false","0.019987317521931176","""showerhead""","0.7035895860432008","0.42670512032647023","0.029631387420184424","24.574","5","18.488"
"5","250","1000","""suslab""","""schwarz""","true","1","false","0.012897806955156825","""showerhead""","0.7035895860432008","0.42670512032647023","0.029631387420184424","26.399","5","18.488"
"5","255","1000","""suslab""","""schwarz""","true","1","false","0.018075112908282478","""showerhead""","0.7035895860432008","0.31000571400622595","0","28.003","5","18.488"
"5","260","1000","""suslab""","""schwarz""","true","1","false","0.020284564174014558","""showerhead""","0.7035895860432008","0.42670512032647023","0","20.55","5","18.488"
"5","265","1000","""suslab""","""schwarz""","true","1","false","0.018075112908282478","""showerhead""","0.7035895860432008","0.42670512032647023","0.09632874745454678","23.588","5","18.488"
"5","270","1000","""suslab""","""schwarz""","true","1","false","0.018075112908282478","""showerhead""","0.6779260800213623","0.42670512032647023","0.029631387420184424","22.017000000000003","5","18.488"
"5","275","1000","""suslab""","""schwarz""","true","1","false","0.018075112908282478","""showerhead""","0.5904819328359495","0.42670512032647023","0.029631387420184424","19.875","5","18.488"
"5","280","1000","""suslab""","""schwarz""","true","1","false","0.018075112908282478","""showerhead""","0.7035895860432008","0.35556904613827384","0.029631387420184424","23.948","5","18.488"
"5","285","1000","""suslab""","""schwarz""","true","1","false","0.018075112908282478","""showerhead""","0.7035895860432008","0.42670512032647023","0.046507049432977926","21.809","5","18.488"
"5","290","1000","""suslab""","""schwarz""","true","1","false","0.018075112908282478","""showerhead""","0.7035895860432008","0.42670512032647023","0.17425545774992585","22.743000000000002","5","18.488"
"5","295","1000","""suslab""","""schwarz""","true","1","false","0.018445222769458584","""showerhead""","0.7035895860432008","0.42670512032647023","0.029631387420184424","23.576","5","18.488"
"5","300","1000","""suslab""","""schwarz""","true","1","false","0.02264300555895861","""showerhead""","0.7035895860432008","0.4857304126101634","0.029631387420184424","24.109","5","18.488"
